id,province_name,city_name,area_name,address,shop_name,site_type,site_type_code,lng_wgs84,lat_wgs84
0,北京市,北京市,东城区,东直门南大街1-1,来福士,购物服务;商场;购物中心,60101,116.4262377,39.93880759
1,北京市,北京市,东城区,崇文门外大街5号,新世界百货(崇文店),购物服务;商场;购物中心,60101,116.4114112,39.89611851
2,北京市,北京市,东城区,南竹杆胡同2号,银河SOHO商场,购物服务;商场;购物中心,60101,116.4264376,39.91895466
3,北京市,北京市,东城区,地安门外大街136号,大华商场(地安门外大街),购物服务;商场;普通商场,60102,116.3901332,39.93429465
4,北京市,北京市,东城区,香河园街1号院,万国城MOMA商业中心,购物服务;商场;购物中心,60101,116.4327292,39.94631879
5,北京市,北京市,东城区,永定门外大街128号,北京万朋文化办公用品商城,购物服务;商场;商场,60100,116.3947746,39.86362109
6,北京市,北京市,东城区,崇文门外大街18号,国瑞购物中心,购物服务;商场;购物中心,60101,116.4136113,39.89686007
7,北京市,北京市,东城区,王府井大街138号,北京apm,购物服务;商场;普通商场,60102,116.4056601,39.91349507
8,北京市,北京市,东城区,东直门外大街48号东方银座,银座百货,购物服务;商场;购物中心,60101,116.4294002,39.93879831
9,北京市,北京市,东城区,王府井大街255号,北京市百货大楼,购物服务;商场;购物中心,60101,116.4037246,39.91246694
10,北京市,北京市,东城区,珠市口东大街16-8号,前门亿兆商场(名线店),购物服务;商场;普通商场,60102,116.3962583,39.8904527
11,北京市,北京市,东城区,王府井大街301号,新燕莎金街购物广场,购物服务;商场;购物中心,60101,116.4044044,39.90855734
12,北京市,北京市,东城区,永定门外大街101号,百荣世贸商城,购物服务;商场;普通商场,60102,116.3921814,39.85952864
13,北京市,北京市,东城区,永定门外大街101-1号百荣世贸商城,百荣世贸商城1期C座,购物服务;综合市场;小商品市场|购物服务;商场;普通商场,060701|060102,116.3924601,39.86086752
14,北京市,北京市,东城区,[],王府井百货,购物服务;商场;购物中心,60101,116.4036516,39.91249091
15,北京市,北京市,东城区,柏树胡同与王府井大街交叉口西100米海港大厦,王府井海港城(建设中),购物服务;商场;购物中心,60101,116.4038272,39.91631781
16,北京市,北京市,东城区,天坛路9号,红桥市场,购物服务;商场;普通商场,60102,116.4143226,39.88482919
17,北京市,北京市,东城区,崇文门外大街40号,搜秀城,购物服务;商场;普通商场,60102,116.413178,39.89523981
18,北京市,北京市,东城区,王府井大街200号工美大厦5层,上品折扣(王府井店),购物服务;商场;普通商场,60102,116.405633,39.90946577
19,北京市,北京市,东城区,建国门内大街18号恒基中心1-2层(近北京站),恒基商城(建国门内大街店)(装修中),购物服务;商场;普通商场,60102,116.422055,39.90563279
20,北京市,北京市,东城区,王府井大街138号,东安市场,购物服务;商场;购物中心,60101,116.4057056,39.91298965
21,北京市,北京市,东城区,东长安街1号,东方新天地,购物服务;商场;购物中心,60101,116.4083511,39.90802013
22,北京市,北京市,东城区,王府井大街201号,北京利生体育商厦,购物服务;商场;普通商场,60102,116.4043436,39.91523803
23,北京市,北京市,东城区,王府井大街200号,工美大厦(东单三条),购物服务;商场;购物中心,60101,116.405633,39.90946577
24,北京市,北京市,东城区,王府井乐天银泰百货对面,淘汇新天,购物服务;商场;购物中心,60101,116.4041976,39.91447001
25,北京市,北京市,东城区,东4头条7-3号,东四头条休闲购物小广场,购物服务;商场;普通商场,60102,116.4120443,39.92365376
26,北京市,北京市,东城区,东四南大街17号,三友商场,购物服务;商场;普通商场,60102,116.4108444,39.92153304
27,北京市,北京市,东城区,前门大街甲2号楼,前门华联商场,购物服务;商场;普通商场|购物服务;超级市场;超市,060102|060400,116.3938243,39.89818848
28,北京市,北京市,东城区,广渠门内大街35-7号,富贵园购物中心,购物服务;商场;购物中心,60101,116.4262115,39.8928375
29,北京市,北京市,东城区,王府井大街88号,北京王府井银泰in88,购物服务;商场;购物中心,60101,116.4055763,39.91477052
30,北京市,北京市,东城区,王府井大街269号,王府中环,购物服务;商场;购物中心,60101,116.4030494,39.91118778
31,北京市,北京市,东城区,王府井东街8号,澳门中心,购物服务;商场;购物中心,60101,116.4071015,39.91343326
32,北京市,北京市,东城区,建国门南大街乙1号兰迪商厦,北京市吉盛商贸中心,购物服务;商场;购物中心,60101,116.4288768,39.90470865
33,北京市,北京市,东城区,金宝街88号,金宝汇,购物服务;商场;购物中心,60101,116.415307,39.9138037
34,北京市,北京市,东城区,东四南大街48号,红都一商华表商场,购物服务;商场;普通商场,60102,116.4116001,39.92143254
35,北京市,北京市,东城区,和平里西街51号,雍和宫壹中心,购物服务;商场;普通商场,60102,116.4134111,39.95153265
36,北京市,北京市,东城区,王府井大街301号,王府商厦,购物服务;商场;购物中心,60101,116.4048066,39.90890247
37,北京市,北京市,东城区,王府井大街277号好友写字楼2号楼1-3层,好友世界商场,购物服务;商场;普通商场|购物服务;专卖店;专营店,060102|061200,116.4045273,39.91016031
38,北京市,北京市,东城区,东直门北大街2号楼3段,奥士凯公司东直门商场,购物服务;商场;商场,60100,116.4288273,39.94726783
39,北京市,北京市,东城区,东交民巷39号,天安凯富莱商场,购物服务;商场;商场,60100,116.3940769,39.90091833
40,北京市,北京市,东城区,东打磨厂街7号宝鼎中心A座,新活馆,购物服务;商场;商场,60100,116.4070203,39.89840488
41,北京市,北京市,东城区,王府井大街186号,王府井食品商场专卖(御食园店),购物服务;商场;普通商场,60102,116.4052907,39.9102706
42,北京市,北京市,东城区,前门街道前门大街147号,前门食品商场,购物服务;商场;商场,60100,116.3918954,39.89113309
43,北京市,北京市,东城区,崇文门外大街3-5号新世界百货崇文店综合馆F1层,OlAY(新世界百货崇文店综合馆),购物服务;商场;购物中心|购物服务;个人用品/化妆品店;其它个人用品店,060101|061400,116.4114351,39.8965955
44,北京市,北京市,东城区,王府井大街301-1号,东华金街购物中心,购物服务;商场;购物中心,60101,116.4048226,39.90881248
45,北京市,北京市,东城区,王府井大街200号工美大厦6层,亦购特惠商城(工美店),购物服务;商场;普通商场,60102,116.4054179,39.90950968
46,北京市,北京市,东城区,崇文门外大街3-8号,新世纪百货,购物服务;商场;购物中心,60101,116.4113761,39.89648347
47,北京市,北京市,东城区,[],北京摩方购物中心(装修中),购物服务;商场;购物中心,60101,116.4114329,39.89830342
48,北京市,北京市,东城区,金宝街80号附近,金宝时尚汇北京高级定制中心,购物服务;商场;普通商场,60102,116.4154571,39.91400982
49,北京市,北京市,东城区,花市上头条67号,Q泊士国瑞购物中心,购物服务;商场;普通商场,60102,116.413529,39.89792895
50,北京市,北京市,东城区,沙子口路甲48号,博澜精品商厦,购物服务;商场;商场,60100,116.3986414,39.86058932
51,北京市,北京市,东城区,东直门南大街1号来福士中心办公楼9层901单元p,capital,购物服务;商场;商场,60100,116.4262226,39.93920155
52,北京市,北京市,东城区,王府井大街301号新燕莎金街购物广场B1层MB112,耀莱之家(新燕莎金街购物广场),购物服务;商场;普通商场,60102,116.403422,39.90842501
53,北京市,北京市,东城区,王府井大街与菜厂胡同交叉口东北50米,Beijing apm,购物服务;商场;购物中心,60101,116.4052643,39.91332446
54,北京市,北京市,东城区,珠市口东大街甲16号世纪天鼎购物广场F1层02-11,百盛(世纪天鼎购物广场),购物服务;商场;购物中心,60101,116.3955553,39.88990874
55,北京市,北京市,东城区,培新街九号院2楼1层,维多利,购物服务;商场;商场,60100,116.4248135,39.88940484
56,北京市,北京市,西城区,西直门外大街1号,凯德MALL(西直门店),购物服务;商场;购物中心,60101,116.3465541,39.9403977
57,北京市,北京市,西城区,复兴门内大街101号百盛购物中心北楼B1层(近金融大街),百盛超市(复兴门百盛店),购物服务;商场;购物中心|购物服务;超级市场;超市,060101|060400,116.3517461,39.90737459
58,北京市,北京市,西城区,复兴门内大街101号百盛购物中心复兴门店北楼F8层,百盛购物中心(复兴门店),购物服务;商场;购物中心,60101,116.3521374,39.90696799
59,北京市,北京市,西城区,西单北大街131号,西单大悦城,购物服务;商场;购物中心,60101,116.3667561,39.90950479
60,北京市,北京市,西城区,新街口北大街57号,万特国际黄金珠宝中心,购物服务;专卖店;珠宝首饰工艺品|购物服务;商场;购物中心,061202|060101,116.3654647,39.94222497
61,北京市,北京市,西城区,西单北大街132号,西单购物中心,购物服务;商场;购物中心,60101,116.3683419,39.91011297
62,北京市,北京市,西城区,宣武门西大街18号,国华商场,购物服务;商场;普通商场,60102,116.3576567,39.89761813
63,北京市,北京市,西城区,新街口南大街7号,新街口百货,购物服务;商场;商场,60100,116.3661841,39.93871725
64,北京市,北京市,西城区,右安门内大街72号,王府井购物中心(右安门店),购物服务;商场;购物中心,60101,116.3586405,39.87052505
65,北京市,北京市,西城区,广安门内大街116号,北京广安菜市口百货市场中心,购物服务;商场;购物中心,60101,116.3609695,39.88733802
66,北京市,北京市,西城区,永安路143号(前门建国饭店旁),永安路百货商场,购物服务;商场;普通商场,60102,116.3823631,39.88504812
67,北京市,北京市,西城区,广安门外大街168号朗琴国际大厦,天虹商场(北京宣武店),购物服务;商场;购物中心,60101,116.3351882,39.88755918
68,北京市,北京市,西城区,永定门内大街1号(天坛西门),天桥百货商场,购物服务;商场;普通商场,60102,116.3916399,39.87915472
69,北京市,北京市,西城区,北纬路81号,虎坊路百货,购物服务;商场;普通商场|购物服务;便民商店/便利店;便民商店/便利店,060102|060200,116.3795415,39.88212508
70,北京市,北京市,西城区,西单北大街110号,巴黎老佛爷百货,购物服务;商场;普通商场,60102,116.3686451,39.91272153
71,北京市,北京市,西城区,月坛南街30号,西单商场(万方店),购物服务;商场;普通商场,60102,116.3348997,39.91222661
72,北京市,北京市,西城区,马连道路25号,北京新年华购物中心,购物服务;商场;购物中心,60101,116.3194565,39.87601471
73,北京市,北京市,西城区,金城坊街2号,金融街购物中心,购物服务;商场;购物中心,60101,116.3556491,39.91419632
74,北京市,北京市,西城区,前门廊房头条21号院,北京坊,购物服务;商场;商场,60100,116.3892982,39.89710346
75,北京市,北京市,西城区,复兴门外大街15号,长安商场,购物服务;商场;购物中心,60101,116.3389854,39.90644236
76,北京市,北京市,西城区,宣武门外大街32号富卓大厦,富卓商厦,购物服务;商场;普通商场,60102,116.3688905,39.89199718
77,北京市,北京市,西城区,马连道路10号,上品宜购,购物服务;商场;购物中心,60101,116.3213754,39.88165974
78,北京市,北京市,西城区,白广路17号,老白广路商场(装修中),购物服务;商场;普通商场,60102,116.352462,39.88225162
79,北京市,北京市,西城区,西单北大街133号,北京君太百货,购物服务;商场;购物中心,60101,116.3669699,39.9081756
80,北京市,北京市,西城区,宣武门外大街12号,SOGO新馆,购物服务;商场;购物中心,60101,116.3693805,39.89451553
81,北京市,北京市,西城区,复兴门外大街4号楼,复兴商业城,购物服务;商场;普通商场,60102,116.3428562,39.90540051
82,北京市,北京市,西城区,西单北大街176号华南大厦,汉光百货,购物服务;商场;普通商场,60102,116.3691441,39.90802819
83,北京市,北京市,西城区,西单北大街120号,西单商场(西单北大街店),购物服务;商场;普通商场,60102,116.3682019,39.91129608
84,北京市,北京市,西城区,大栅栏街21号,大栅栏食品商场,购物服务;商场;普通商场,60102,116.3897054,39.89465146
85,北京市,北京市,西城区,堂子胡同9号,西单新一代商城,购物服务;商场;普通商场,60102,116.3690469,39.9101552
86,北京市,北京市,西城区,西草厂街与魏染胡同交叉口西南50米,乐美园百货店,购物服务;商场;普通商场,60102,116.3740355,39.89128108
87,北京市,北京市,西城区,西直门外大街,元沃天地地铁商城,购物服务;商场;普通商场,60102,116.3314244,39.93652512
88,北京市,北京市,西城区,阜成门外大街1号,华联商厦(阜成门店),购物服务;商场;购物中心,60101,116.3480793,39.92301286
89,北京市,北京市,西城区,新街口北大街1号,新华百货,购物服务;商场;普通商场,60102,116.3649509,39.94612243
90,北京市,北京市,西城区,宣武门大街8号北京崇光百货B1层,崇光百货(宣武门店),购物服务;商场;普通商场,60102,116.3691647,39.89555172
91,北京市,北京市,西城区,西单北大街132号西单购物中心8层,华威潮铺街,购物服务;商场;普通商场,60102,116.3680283,39.91018932
92,北京市,北京市,西城区,西单北大街109号,西单婚庆大楼,购物服务;商场;购物中心,60101,116.3667646,39.91274864
93,北京市,北京市,西城区,广安门外大街180号,华联商厦(广安门店)(装修中),购物服务;商场;购物中心,60101,116.3313318,39.88804738
94,北京市,北京市,西城区,大栅栏街15号,大栅栏第一百货商场,购物服务;商场;普通商场,60102,116.3901403,39.89466533
95,北京市,北京市,西城区,双旗杆街与黄寺大街交叉口东北100米,佰隆,购物服务;商场;普通商场,60102,116.3824412,39.96192085
96,北京市,北京市,西城区,西单广场横二条59号,西单明珠市场(堂子胡同),购物服务;商场;普通商场,60102,116.3696763,39.90901657
97,北京市,北京市,西城区,西直门外大街18号,金贸广场,购物服务;商场;商场,60100,116.3432353,39.9378145
98,北京市,北京市,西城区,文兴街13号楼附近,光耀东方,购物服务;商场;普通商场,60102,116.3336246,39.93512104
99,北京市,北京市,西城区,复兴门外大街101号附近,TTU(百盛复兴门店),购物服务;商场;商场,60100,116.3526324,39.90760819
100,北京市,北京市,西城区,宣武门外大街8号附近,庄胜崇光百盛,购物服务;商场;购物中心,60101,116.3694772,39.89580937
101,北京市,北京市,西城区,广安门外大街甲178号附近,华联商厦,购物服务;商场;普通商场,60102,116.3322298,39.88749472
102,北京市,北京市,西城区,马连道南街6-1号楼附近,华睦生活广场,购物服务;商场;普通商场,60102,116.3183882,39.88212646
103,北京市,北京市,西城区,西单北大街109-5号附近,金融街,购物服务;商场;商场,60100,116.3681868,39.91214406
104,北京市,北京市,西城区,广安门内大街306号,菜市口百货(菜百店),购物服务;商场;普通商场,60102,116.35314,39.88759731
105,北京市,北京市,朝阳区,望京东园1区120号楼,新荟城购物中心,购物服务;商场;购物中心,60101,116.4762514,39.99756379
106,北京市,北京市,朝阳区,惠新东街4号富盛大厦2座1层,中出服免税店,购物服务;商场;免税品店,60103,116.4190966,39.98551536
107,北京市,北京市,朝阳区,金盏乡森林公园东1号,斯普瑞斯奥特莱斯,购物服务;商场;购物中心,60101,116.5906143,40.01080599
108,北京市,北京市,朝阳区,香江北路28号,北京赛特奥莱,购物服务;商场;购物中心,60101,116.4991953,40.03427678
109,北京市,北京市,朝阳区,东坝中路甲1号,金泰商城,购物服务;商场;普通商场,60102,116.5420069,39.95382241
110,北京市,北京市,朝阳区,北辰东路8号北辰购物中心生活广场B1层,北辰购物中心(生活广场),购物服务;商场;普通商场|购物服务;超级市场;超市,060102|060400,116.4003393,39.99028594
111,北京市,北京市,朝阳区,湖景东路9号,新奥购物中心,购物服务;商场;购物中心,60101,116.3879247,39.99863575
112,北京市,北京市,朝阳区,姚家园113号,潮悦020购物广场,购物服务;商场;商场,60100,116.5118857,39.92529547
113,北京市,北京市,朝阳区,东四环南路9号,北京燕莎奥特莱斯购物中心,购物服务;商场;购物中心,60101,116.4811687,39.87646806
114,北京市,北京市,朝阳区,曙光西里路甲5号华润置地·凤凰新天地L120,凤凰汇,购物服务;服装鞋帽皮具店;品牌服装店|购物服务;商场;普通商场,061101|060102,116.4513064,39.96152738
115,北京市,北京市,朝阳区,工人体育场北路21号,三里屯永利国际购物中心,购物服务;商场;购物中心,60101,116.4385008,39.93334717
116,北京市,北京市,朝阳区,东三环北路甲26号楼博瑞大厦,高和萃,购物服务;商场;购物中心,60101,116.4561836,39.92709119
117,北京市,北京市,朝阳区,北四环东路73号,远洋·未来广场购物中心,购物服务;商场;购物中心,60101,116.4261111,39.98903742
118,北京市,北京市,朝阳区,朝阳北路17号,北京华联常营购物中心东区,购物服务;超级市场;北京华联|购物服务;商场;购物中心,060404|060101,116.5928551,39.92562647
119,北京市,北京市,朝阳区,望京广顺南大街16号院B1、1-5层,新世界百货(望京店),购物服务;商场;购物中心,60101,116.4744886,39.98525729
120,北京市,北京市,朝阳区,朝阳路与管庄路交叉口东北50米,管庄服装百货城,购物服务;商场;普通商场,60102,116.5850424,39.91151013
121,北京市,北京市,朝阳区,建外街道雅宝路5号,雅宝红城,购物服务;商场;普通商场,60102,116.4314206,39.91448002
122,北京市,北京市,朝阳区,七圣中街12号院,北京太阳宫爱琴海购物公园,购物服务;商场;购物中心,60101,116.4302511,39.970542
123,北京市,北京市,朝阳区,王四营桥东京哈高速路南,朝悦百惠购物中心,购物服务;商场;购物中心,60101,116.5297729,39.86718315
124,北京市,北京市,朝阳区,东方东路19号院-1号亮马桥外交公寓,官舍(M+cafe)(三元桥霄云路),购物服务;商场;普通商场,60102,116.4579071,39.95047747
125,北京市,北京市,朝阳区,东坝中路38号,金隅嘉品Mall,购物服务;商场;购物中心,60101,116.5422108,39.95058297
126,北京市,北京市,朝阳区,北土城路与安定路交汇处(安贞门地铁站A口),中海环宇荟购物中心,购物服务;商场;普通商场,60102,116.400092,39.97647446
127,北京市,北京市,朝阳区,建国路89号华贸公寓19号会所2楼,权茂店,购物服务;商场;商场,60100,116.4753751,39.9103748
128,北京市,北京市,朝阳区,甘露园南里25号朝阳园8号楼,尚街购物中心,购物服务;商场;普通商场,60102,116.5114141,39.91582952
129,北京市,北京市,朝阳区,大屯路与安立路交叉口西北100米,第5大道,购物服务;商场;普通商场,60102,116.400864,40.00169256
130,北京市,北京市,朝阳区,常通路1号院,龙湖长楹天街购物中心,购物服务;商场;购物中心,60101,116.593838,39.92400447
131,北京市,北京市,朝阳区,朝阳门外大街三丰北里2号楼,悠唐广场,购物服务;商场;购物中心,60101,116.4339421,39.92051979
132,北京市,北京市,朝阳区,阜通东大街6号院4号楼,方恒购物中心,购物服务;商场;购物中心,60101,116.4764342,39.98892667
133,北京市,北京市,朝阳区,姚家园路甲1号(朝阳公园),活力东方购物广场,购物服务;商场;购物中心,60101,116.5162294,39.93937016
134,北京市,北京市,朝阳区,朝阳北路101号,朝阳大悦城,购物服务;商场;购物中心,60101,116.5130973,39.923382
135,北京市,北京市,朝阳区,劲松南路11号,兆佳商场,购物服务;商场;普通商场,60102,116.4494372,39.8804926
136,北京市,北京市,朝阳区,建国门外,北京外交人员免税商店,购物服务;商场;免税品店,60103,116.4306405,39.91109397
137,北京市,北京市,朝阳区,南三里屯路一号通盈中心1f&2f见境,见境TRENDS,购物服务;商场;普通商场,60102,116.4489586,39.93019837
138,北京市,北京市,朝阳区,广顺北大街33号,凯德MALL(望京店),购物服务;商场;购物中心,60101,116.4625651,39.99164761
139,北京市,北京市,朝阳区,红军营南路天朗园c座,北辰购物中心美食城,购物服务;商场;购物中心,60101,116.4079541,40.03082476
140,北京市,北京市,朝阳区,酒仙桥路18号,颐堤港,购物服务;商场;购物中心,60101,116.4852697,39.96842521
141,北京市,北京市,朝阳区,枣营南里10号,时尚258广场,购物服务;商场;普通商场,60102,116.4655984,39.9433995
142,北京市,北京市,朝阳区,工人体育场东路20号,春平广场,购物服务;商场;购物中心,60101,116.4449153,39.92291206
143,北京市,北京市,朝阳区,朝阳门外大街12号,昆泰商城,购物服务;商场;普通商场,60102,116.4387389,39.92146909
144,北京市,北京市,朝阳区,建国门外大街22号,赛特购物中心,购物服务;商场;购物中心,60101,116.4354181,39.90629286
145,北京市,北京市,朝阳区,京顺路111号,比如世界购物中心,购物服务;商场;购物中心,60101,116.4557292,39.96671353
146,北京市,北京市,朝阳区,朝阳路十里堡乙2号,新城市广场(朝阳路辅路),购物服务;商场;普通商场,60102,116.4996097,39.91399206
147,北京市,北京市,朝阳区,西直河中心街甲1号,华联生活超市,购物服务;商场;购物中心,60101,116.5216497,39.84313555
148,北京市,北京市,朝阳区,朝阳公园路6号院,蓝色港湾国际商区,购物服务;商场;购物中心,60101,116.4695947,39.94811511
149,北京市,北京市,朝阳区,光华路甲9号,世贸天阶,购物服务;商场;购物中心,60101,116.445898,39.91516942
150,北京市,北京市,朝阳区,东大桥路9号,北京侨福芳草地购物中心,购物服务;商场;购物中心,60101,116.442649,39.91827767
151,北京市,北京市,朝阳区,亚运村北苑路甲13号,上品+(奥运村店),购物服务;商场;购物中心,60101,116.4106864,40.03016738
152,北京市,北京市,朝阳区,西坝河南里17号楼,燕丰商场(左家庄西街),购物服务;商场;普通商场,60102,116.4331877,39.95858604
153,北京市,北京市,朝阳区,朝阳公园南路8号,棕榈泉生活广场,购物服务;商场;购物中心,60101,116.4726879,39.93095437
154,北京市,北京市,朝阳区,建国门外大街1号,国贸商城,购物服务;商场;购物中心|购物服务;商场;普通商场,060101|060102,116.4532187,39.90960087
155,北京市,北京市,朝阳区,广顺北大街16号,望京华彩商业中心,购物服务;商场;购物中心,60101,116.4627454,40.00952131
156,北京市,北京市,朝阳区,慈云寺北里210号,未来汇,购物服务;商场;购物中心,60101,116.4861256,39.91482888
157,北京市,北京市,朝阳区,太阳宫中路12号,凯德MALL(太阳宫店),购物服务;商场;购物中心,60101,116.4413261,39.96996903
158,北京市,北京市,朝阳区,青年路32号,益民购物中心(地铁青年路站),购物服务;商场;购物中心|购物服务;超级市场;超市,060101|060400,116.5121822,39.92129848
159,北京市,北京市,朝阳区,来广营香宾路66-1号欧尚4层,上品折扣(来广营店),购物服务;商场;普通商场,60102,116.4581507,40.01517141
160,北京市,北京市,朝阳区,大屯里307-318号,金泉时代广场(装修中),购物服务;商场;购物中心,60101,116.4089359,40.00372277
161,北京市,北京市,朝阳区,民族园路2号,唐人街购物广场,购物服务;商场;购物中心,60101,116.3844098,39.97975806
162,北京市,北京市,朝阳区,东四环中路193号附近,芳圆里ID MALL,购物服务;商场;购物中心|购物服务;商场;普通商场,060101|060102,116.4820115,39.88767798
163,北京市,北京市,朝阳区,朝阳门外大街三丰北里2号楼,悠唐购物中心,购物服务;商场;购物中心,60101,116.4327145,39.92026081
164,北京市,北京市,朝阳区,东方东路19号亮马桥外交公寓B区,The Grand Summit官舍,购物服务;商场;普通商场|体育休闲服务;休闲场所;休闲场所,060102|080500,116.4577185,39.95036001
165,北京市,北京市,朝阳区,光华路1号嘉里中心,嘉里商场,购物服务;商场;购物中心,60101,116.4531531,39.91286558
166,北京市,北京市,朝阳区,富力又一城南,世纪华联购物中心(富力又一城店),购物服务;商场;购物中心,60101,116.5579473,39.84744402
167,北京市,北京市,朝阳区,双柳北街38号,家有购物集团,购物服务;商场;购物中心,60101,116.561249,39.90295687
168,北京市,北京市,朝阳区,周家庄路与大羊坊路交叉口西南100米,古隆盛生活用品广场,购物服务;商场;普通商场,60102,116.4654065,39.8573029
169,北京市,北京市,朝阳区,常通路2号院1号楼,长楹天街购物中心-东区,购物服务;商场;商场,60100,116.5961989,39.92413012
170,北京市,北京市,朝阳区,金盏乡森林公园东1号斯普瑞斯奥特莱斯B区1层,老佛爷百货,购物服务;商场;普通商场,60102,116.5905253,40.01128096
171,北京市,北京市,朝阳区,红坊路6号,华创生活广场(鸿博店),购物服务;商场;普通商场,60102,116.4681557,39.82739111
172,北京市,北京市,朝阳区,北辰东路8号时代名门商场B1层,名门多福生活广场(时代名门商场店),购物服务;商场;普通商场,60102,116.4003693,39.99036294
173,北京市,北京市,朝阳区,新东路1号,北京外交人员免税商店(分店),购物服务;商场;免税品店,60103,116.4438209,39.94297202
174,北京市,北京市,朝阳区,慧忠路3号院,天阳恒瑞广场,购物服务;商场;普通商场,60102,116.405276,39.9941972
175,北京市,北京市,朝阳区,机场西路2号航站楼F1层,日上免税行(2号航站楼),购物服务;商场;免税品店,60103,116.5883894,40.07819909
176,北京市,北京市,朝阳区,湖景东路9号,天虹商场(北京新奥店),购物服务;商场;普通商场,60102,116.3897699,39.9999981
177,北京市,北京市,朝阳区,周家庄路与大羊坊路交叉口西南100米,古隆盛生活用品广场,购物服务;商场;普通商场,60102,116.4654065,39.8573029
178,北京市,北京市,朝阳区,常通路2号院1号楼,长楹天街购物中心-东区,购物服务;商场;商场,60100,116.5961989,39.92413012
179,北京市,北京市,朝阳区,光华路9号,世贸天阶南区,购物服务;商场;购物中心,60101,116.4459572,39.91476156
180,北京市,北京市,朝阳区,朝阳公园路6号,蓝色港湾国际商区-南区,购物服务;商场;购物中心,60101,116.4701206,39.94756158
181,北京市,北京市,朝阳区,金盏乡森林公园东1号斯普瑞斯奥特莱斯B区1层,老佛爷百货,购物服务;商场;普通商场,60102,116.5905253,40.01128096
182,北京市,北京市,朝阳区,红坊路6号,华创生活广场(鸿博店),购物服务;商场;普通商场,60102,116.4681557,39.82739111
183,北京市,北京市,朝阳区,双桥,天兰LifeStyle(双桥店),购物服务;商场;购物中心,60101,116.5705715,39.90767735
184,北京市,北京市,朝阳区,北辰东路8号时代名门商场B1层,名门多福生活广场(时代名门商场店),购物服务;商场;普通商场,60102,116.4003693,39.99036294
185,北京市,北京市,朝阳区,新东路1号,北京外交人员免税商店(分店),购物服务;商场;免税品店,60103,116.4438209,39.94297202
186,北京市,北京市,朝阳区,慧忠路3号院,天阳恒瑞广场,购物服务;商场;普通商场,60102,116.405276,39.9941972
187,北京市,北京市,朝阳区,机场西路2号航站楼F1层,日上免税行(2号航站楼),购物服务;商场;免税品店,60103,116.5883894,40.07819909
188,北京市,北京市,朝阳区,湖景东路9号,天虹商场(北京新奥店),购物服务;商场;普通商场,60102,116.3897699,39.9999981
189,北京市,北京市,朝阳区,北苑家园秋实街1号易事达广场,世代百货,购物服务;商场;普通商场,60102,116.415457,40.04058842
190,北京市,北京市,朝阳区,阜通西大街11号,合生·麒麟新天地,购物服务;商场;购物中心,60101,116.471635,39.99579784
191,北京市,北京市,朝阳区,双桥路3号,东星时尚广场,购物服务;商场;购物中心,60101,116.5699038,39.90734473
192,北京市,北京市,朝阳区,小鲁店双桥西路大一村旁(鸿天公寓东北),铜锣湾,购物服务;商场;商场,60100,116.5853435,39.83721006
193,北京市,北京市,朝阳区,三里屯路19号,三里屯太古里北区,购物服务;商场;普通商场,60102,116.448338,39.93716873
194,北京市,北京市,朝阳区,[],四元桥购物中心,购物服务;商场;普通商场,60102,116.455159,39.97756473
195,北京市,北京市,朝阳区,管庄乡,管庄购物城,购物服务;商场;普通商场,60102,116.5850685,39.91146114
196,北京市,北京市,朝阳区,世贸广场·工三,世茂广场(工三店),购物服务;商场;购物中心,60101,116.4431784,39.9336131
197,北京市,北京市,朝阳区,马泉营南门北300米路东,马泉营购物中心,购物服务;商场;购物中心,60101,116.5070785,40.03583393
198,北京市,北京市,朝阳区,酒仙桥路庚21号,百分百商城,购物服务;商场;普通商场,60102,116.4830857,39.96647286
199,北京市,北京市,朝阳区,建国路87号,北京SKP,购物服务;商场;购物中心,60101,116.4729415,39.90894399
200,北京市,北京市,朝阳区,东三环中路富力广场2层北区2号,VERO MODA(富力广场店),购物服务;服装鞋帽皮具店;品牌服装店|购物服务;商场;商场,061101|060100,116.4546197,39.8953158
201,北京市,北京市,朝阳区,日坛北路19号,雅宝城,购物服务;商场;普通商场,60102,116.4353827,39.91732033
202,北京市,北京市,朝阳区,朝阳北路20号院,陆港城下沉广场,购物服务;商场;普通商场,60102,116.5869371,39.92393509
203,北京市,北京市,朝阳区,周庄村52号,铭泽生活广场,购物服务;商场;购物中心,60101,116.4707365,39.8619481
204,北京市,北京市,朝阳区,北四环东路108号千鹤家园,华堂商场(亚运村店),购物服务;商场;商场,60100,116.4145428,39.98658914
205,北京市,北京市,朝阳区,朝阳路京通苑30号楼,Plus365购物中心,购物服务;商场;购物中心,60101,116.5900015,39.91138404
206,北京市,北京市,朝阳区,建国路93号,万达广场(北京CBD店),购物服务;商场;购物中心,60101,116.4653569,39.90886527
207,北京市,北京市,朝阳区,大羊坊路37号,闽龙广场,购物服务;家居建材市场;家具建材综合市场|购物服务;商场;购物中心,060601|060101,116.4700831,39.85436572
208,北京市,北京市,朝阳区,北苑路28号院1号楼,潮驿178,购物服务;商场;普通商场,60102,116.4100957,40.03933154
209,北京市,北京市,朝阳区,管庄路3号,万鑫佰隆购物商城,购物服务;商场;购物中心,60101,116.585819,39.91586816
210,北京市,北京市,朝阳区,小营路6号,道尔泰商城(装修中),购物服务;商场;普通商场,60102,116.4198354,39.99511372
211,北京市,北京市,朝阳区,大屯里317号,金泉时代广场1号楼,购物服务;商场;购物中心,60101,116.4093025,40.00426074
212,北京市,北京市,朝阳区,建国门外大街1号,国贸商城(西区),购物服务;商场;购物中心,60101,116.4510584,39.90810097
213,北京市,北京市,朝阳区,亮马桥路52号,燕莎友谊商城,购物服务;商场;购物中心,60101,116.456825,39.94754493
214,北京市,北京市,朝阳区,工人体育场北路8号三里屯soho,三里屯SOHO商场2,购物服务;商场;普通商场,60102,116.4479697,39.93121417
215,北京市,北京市,朝阳区,林萃路琳萃西里16号楼,华创生活广场(林萃路店),购物服务;商场;普通商场,60102,116.3662691,40.00870529
216,北京市,北京市,朝阳区,来广营红军营东路18号,朝来荣盛商业中心,购物服务;商场;普通商场,60102,116.4299452,40.03569867
217,北京市,北京市,朝阳区,西直河中心街甲2号,华联淘宝城,购物服务;商场;普通商场,60102,116.5216376,39.84330551
218,北京市,北京市,朝阳区,望京南湖公园201号楼,中福百货,购物服务;商场;普通商场,60102,116.4574374,39.99926135
219,北京市,北京市,朝阳区,北三环安贞西里五区4号凯德MALL·安贞,华联商厦(安贞店)(装修中),购物服务;商场;购物中心,60101,116.3949012,39.96930048
220,北京市,北京市,朝阳区,双桥路2号院2号,国泰百货(双桥店),购物服务;商场;普通商场,60102,116.5717427,39.90736744
221,北京市,北京市,朝阳区,建国路79号,华贸购物中心,购物服务;商场;购物中心,60101,116.4748294,39.90807535
222,北京市,北京市,朝阳区,和平里西街21号,天丰利市场,购物服务;商场;普通商场,60102,116.4112477,39.96114072
223,北京市,北京市,朝阳区,三里屯路7号东外大街路北(京谊大厦北侧),北京市友谊超级商场,购物服务;商场;普通商场,60102,116.448923,39.94213481
224,北京市,北京市,朝阳区,甘露园中里,佳亿·青年汇,购物服务;商场;购物中心,60101,116.5113393,39.92052011
225,北京市,北京市,朝阳区,亚运村大屯里317号楼(5号线地铁大屯路东站),金泉广场购物中心,购物服务;商场;购物中心,60101,116.4092476,40.00373673
226,北京市,北京市,朝阳区,慧忠北里309-6号第五大道精品休闲购物广场B1层,日购商城,购物服务;商场;普通商场,60102,116.4007139,40.00189852
227,北京市,北京市,朝阳区,东三环中路22号,乐成中心SPACE3,购物服务;商场;购物中心,60101,116.4563514,39.89307105
228,北京市,北京市,朝阳区,西直河中心街甲1号,西直河商业中心,购物服务;商场;商场,60100,116.5215895,39.84306439
229,北京市,北京市,朝阳区,东四环中路195号,华腾新天地(大郊亭南街),购物服务;商场;普通商场,60102,116.4823833,39.88416523
230,北京市,北京市,朝阳区,蓝色港湾国际商区1-3层,儿童城(蓝色港湾店),购物服务;商场;普通商场,60102,116.4718657,39.94864137
231,北京市,北京市,朝阳区,来广营香宾路66号,天陆购物中心,购物服务;商场;购物中心,60101,116.4585329,40.01535035
232,北京市,北京市,朝阳区,来广营朝阳北苑清河营南街七号院3号楼,华贸天地,购物服务;商场;普通商场,60102,116.4266479,40.04499052
233,北京市,北京市,朝阳区,北辰东路8号,时代名门百货,购物服务;商场;普通商场,60102,116.4002573,39.99011893
234,北京市,北京市,朝阳区,东四环中路76号大成国际中心(d座),遛99遛弯淘宝区(东四环中路),购物服务;商场;普通商场,60102,116.4865402,39.89834382
235,北京市,北京市,朝阳区,和平西街21号天丰利市场4层,天丰利商场(和平里店),购物服务;商场;购物中心,60101,116.4113138,39.96129576
236,北京市,北京市,朝阳区,北苑路42号,京妮儿童汇(北苑店),购物服务;商场;商场,60100,116.4124609,40.03171351
237,北京市,北京市,朝阳区,东三环中路7号,财富购物中心(兆丰街),购物服务;商场;购物中心|购物服务;商场;普通商场,060101|060102,116.4527595,39.91607453
238,北京市,北京市,朝阳区,北苑路42号,K酷时尚广场,购物服务;商场;购物中心,60101,116.4127822,40.03201273
239,北京市,北京市,朝阳区,小武基路f1层附近,欢乐购物(金蝉北路),购物服务;商场;普通商场,60102,116.4956065,39.86601939
240,北京市,北京市,朝阳区,朝阳门南大街16号,东方圣元(装修中),购物服务;商场;普通商场,60102,116.4299957,39.91460686
241,北京市,北京市,朝阳区,日坛北路19号,日坛国际贸易中心B区,购物服务;商场;购物中心,60101,116.43645,39.91783615
242,北京市,北京市,朝阳区,十八里店横街子百分百购物中心2层,百分百购物广场,购物服务;商场;普通商场,60102,116.5021114,39.82235437
243,北京市,北京市,朝阳区,建国路77-81号,华贸购物中心东区,购物服务;商场;购物中心,60101,116.4754788,39.9079542
244,北京市,北京市,朝阳区,建国路93号院万达广场A座,新世界百货(大望路店),购物服务;商场;购物中心,60101,116.4664568,39.90804023
245,北京市,北京市,朝阳区,酒仙桥路39号,久隆百货,购物服务;商场;普通商场,60102,116.4889867,39.96047654
246,北京市,北京市,朝阳区,南磨房路16号院甲1-4,工美大厦,商务住宅;楼宇;商务写字楼|购物服务;商场;商场,120201|060100,116.4699602,39.8827459
247,北京市,北京市,朝阳区,建国门外大街乙12号,双子座购物中心,购物服务;商场;购物中心,60101,116.4426425,39.90625517
248,北京市,北京市,朝阳区,清河营中街2号院1,阳光邻里,购物服务;专卖店;儿童用品店|购物服务;商场;普通商场,061207|060102,116.4351868,40.04638944
249,北京市,北京市,朝阳区,酒仙桥路颐堤港北侧,新港商城,购物服务;商场;普通商场,60102,116.4847756,39.97026968
250,北京市,北京市,朝阳区,建国路15号,北岸商业广场,购物服务;商场;商场,60100,116.5753941,39.91246817
251,北京市,北京市,朝阳区,将台路6号,丽都广场,购物服务;商场;购物中心,60101,116.4724253,39.97593286
252,北京市,北京市,朝阳区,[],恒大城市广场(建设中),购物服务;商场;购物中心,60101,116.5270361,39.96759293
253,北京市,北京市,朝阳区,北苑家园秋实街1号,易事达广场,购物服务;商场;购物中心,60101,116.4152757,40.04118624
254,北京市,北京市,朝阳区,左家庄北里58号Master领寓大厦,天虹商场(北京国展天虹),购物服务;商场;购物中心,60101,116.436033,39.95761183
255,北京市,北京市,朝阳区,朝阳门外大街18号,丰联广场,购物服务;商场;普通商场,60102,116.4321902,39.92227589
256,北京市,北京市,朝阳区,新源南路甲1号,佳亿广场,购物服务;商场;普通商场,60102,116.4521235,39.94851676
257,北京市,北京市,朝阳区,湖光北街9号,旺角购物广场(南湖东园西北),购物服务;商场;购物中心,60101,116.457353,40.00045909
258,北京市,北京市,朝阳区,垡头街西里6号,万福成商场,购物服务;商场;普通商场,60102,116.5044921,39.86444683
259,北京市,北京市,朝阳区,建国路91号,金地广场,购物服务;商场;购物中心,60101,116.4682199,39.90791
260,北京市,北京市,朝阳区,东三环北路38号,好世界商业广场,购物服务;商场;购物中心,60101,116.4573291,39.92014026
261,北京市,北京市,朝阳区,紫南家园108号楼,华瀚商业中心,购物服务;商场;普通商场,60102,116.4904659,39.87513058
262,北京市,北京市,朝阳区,朝阳北路管庄路口往东200米龙湖长楹天街购物中心东区F3层东区-3F-21,天街,购物服务;商场;普通商场,60102,116.5975022,39.92387683
263,北京市,北京市,朝阳区,团结湖南里与团结湖路交叉口西50米,base,购物服务;商场;普通商场,60102,116.4605301,39.92234616
264,北京市,北京市,朝阳区,红事会路柏阳景园C区H座,华创生活广场(五方桥店),购物服务;商场;普通商场,60102,116.5479423,39.87128682
265,北京市,北京市,朝阳区,民族园路2-9号,唐人街(西门),购物服务;商场;商场,60100,116.383911,39.98033729
266,北京市,北京市,朝阳区,新源南路1-3号B座附近,时尚佳亿,购物服务;商场;商场,60100,116.4537624,39.94900855
267,北京市,北京市,朝阳区,光华路甲9号世贸天阶南街F1,世贸天阶南街S1,购物服务;商场;购物中心,60101,116.4444762,39.91484949
268,北京市,北京市,朝阳区,朝阳北路管庄路口往东200米,龙湖长楹商业街东区,购物服务;商场;购物中心|购物服务;特色商业街;特色商业街,060101|061000,116.596005,39.92409216
269,北京市,北京市,朝阳区,十八里店乡十里河村168号,大方国际养生城,购物服务;商场;购物中心,60101,116.4596706,39.85594613
270,北京市,北京市,朝阳区,日坛路1号日坛宾馆一楼1598号,九九龄商场,购物服务;商场;普通商场,60102,116.4344298,39.9156148
271,北京市,北京市,朝阳区,朝阳北路管庄路口往东200米,龙湖长楹天街购物中心西区,购物服务;商场;购物中心,60101,116.5917206,39.92389058
272,北京市,北京市,朝阳区,幸福三村四巷与新东路交叉口西100米,耀莱SR中心,购物服务;商场;普通商场,60102,116.4434969,39.93624864
273,北京市,北京市,朝阳区,朝阳北路20号院,陆港城,购物服务;商场;购物中心,60101,116.5884751,39.92405635
274,北京市,北京市,朝阳区,呼家楼街道光华路9号世贸天阶A座,世贸天阶南街,购物服务;商场;购物中心,60101,116.4456514,39.91471292
275,北京市,北京市,朝阳区,光华路9号世贸天阶北街F1号,北街N5,购物服务;商场;商场,60100,116.4469648,39.91558165
276,北京市,北京市,朝阳区,光华路9号世贸天阶北街F1号,北街N3,购物服务;商场;商场,60100,116.4463582,39.91571036
277,北京市,北京市,朝阳区,来广营清苑路水岸南街1010号,悦泽港,购物服务;商场;普通商场,60102,116.4267493,40.05093633
278,北京市,北京市,朝阳区,石佛营101号,新七彩商业中心A区,购物服务;商场;购物中心,60101,116.5017792,39.9359646
279,北京市,北京市,朝阳区,平房镇青年路32号,益民购物中心,购物服务;商场;购物中心,60101,116.5118882,39.92138164
280,北京市,北京市,朝阳区,市政路,天岳恒商业中心,购物服务;商场;普通商场,60102,116.5073252,39.93237203
281,北京市,北京市,朝阳区,日坛北路17号,日坛国际贸易中心B座,购物服务;商场;购物中心,60101,116.436479,39.91810319
282,北京市,北京市,朝阳区,三里屯南,三里屯3·3,购物服务;商场;购物中心,60101,116.4487493,39.9355147
283,北京市,北京市,朝阳区,望京街9号,望京国际商业中心,购物服务;商场;普通商场,60102,116.481991,39.98742281
284,北京市,北京市,朝阳区,雅宝路1号,国雅大厦,购物服务;商场;普通商场,60102,116.4341473,39.91478536
285,北京市,北京市,朝阳区,日坛北路17号,日坛国际贸易中心A座,购物服务;商场;购物中心,60101,116.4354838,39.91828546
286,北京市,北京市,朝阳区,东四环南路9号燕莎奥特莱斯C座B1层,北京燕莎奥特莱斯购物中心C座(北入口),购物服务;商场;购物中心,60101,116.4801458,39.87749203
287,北京市,北京市,朝阳区,雅宝路6号,雅宝体育大厦,购物服务;商场;普通商场,60102,116.4312882,39.91525178
288,北京市,北京市,朝阳区,朝阳门外大街8号,蓝岛大厦西区,购物服务;商场;普通商场,60102,116.44122,39.92123076
289,北京市,北京市,朝阳区,机场西路2号航站楼F1层,进境免税店(2号航站楼),购物服务;商场;免税品店,60103,116.5886623,40.07824313
290,北京市,北京市,朝阳区,东四环中路78号(四惠),大成国际遛99商城,购物服务;商场;商场,60100,116.4857984,39.89821563
291,北京市,北京市,朝阳区,建国路郎家园甲10号楼,万联广场,购物服务;商场;普通商场,60102,116.4663988,39.90653214
292,北京市,北京市,朝阳区,建国门外大街2号,北京银泰中心in01,购物服务;商场;购物中心,60101,116.4531409,39.90604884
293,北京市,北京市,朝阳区,建国路91号金地广场B1,米欧米miomi美瞳连锁金地购物中心,购物服务;商场;购物中心,60101,116.4685661,39.90791494
294,北京市,北京市,朝阳区,建国路77号,华贸购物中心西区,购物服务;商场;购物中心,60101,116.4741539,39.90791099
295,北京市,北京市,朝阳区,三里屯世贸工三旁,世贸广场购物中心,购物服务;商场;购物中心,60101,116.4433398,39.93354343
296,北京市,北京市,朝阳区,新源南路甲2号,昆仑汇,购物服务;商场;购物中心,60101,116.4523414,39.94669233
297,北京市,北京市,朝阳区,武基路96号,瑞兴隆商业广场,购物服务;商场;普通商场,60102,116.5050016,39.84327553
298,北京市,北京市,朝阳区,金盏乡森林公园东1号斯普瑞斯奥特莱斯,斯普瑞斯奥特莱斯1期,购物服务;商场;购物中心,60101,116.5903434,40.010108
299,北京市,北京市,朝阳区,管庄路甲1号管庄刨花板市场,金时代时尚购物中心,购物服务;商场;购物中心,60101,116.5853803,39.91305716
300,北京市,北京市,朝阳区,劲松中街120-394号附近,京客隆,购物服务;商场;普通商场,60102,116.4498431,39.8827054
301,北京市,北京市,朝阳区,朝阳门外大街8号(近东大桥),蓝岛大厦(东区),购物服务;商场;购物中心,60101,116.4432923,39.92103884
302,北京市,北京市,朝阳区,东三环中路65号,北京富力广场购物中心,购物服务;商场;购物中心,60101,116.4544835,39.89415253
303,北京市,北京市,朝阳区,大屯路慧忠里103号洛克时代b座1层,安居乐商城,购物服务;商场;普通商场,60102,116.4001239,40.00091545
305,北京市,北京市,朝阳区,湖光中街甲6号港旅大厦B1层,乐客安商城,购物服务;商场;普通商场,60102,116.4583248,39.99536471
306,北京市,北京市,朝阳区,建国门外大街甲5号,贵友大厦(建外店),购物服务;商场;购物中心|购物服务;商场;普通商场,060101|060102,116.4448882,39.90773864
307,北京市,北京市,朝阳区,安慧里二区9号楼,万龙商场,购物服务;商场;普通商场,60102,116.4018516,39.99233917
308,北京市,北京市,朝阳区,望京西园430,望京休闲广场,购物服务;商场;普通商场,60102,116.4649617,39.99544473
309,北京市,北京市,朝阳区,朝阳门外大街26号(昆泰大厦对面),朝外MEN雅宝商城,购物服务;商场;购物中心,60101,116.4355847,39.92088853
310,北京市,北京市,朝阳区,姚家园路101号,新七彩商业中心,购物服务;商场;购物中心,60101,116.5018946,39.93587594
311,北京市,北京市,朝阳区,广顺北大街33号,华联商厦(望京店),购物服务;商场;购物中心,60101,116.4628702,39.99083944
312,北京市,北京市,朝阳区,朝阳门外大街日坛北路17号,日坛国际贸易中心,购物服务;商场;购物中心,60101,116.4361112,39.91788856
313,北京市,北京市,朝阳区,芳园西路2号,金街商城,购物服务;商场;普通商场,60102,116.4761822,39.97388556
314,北京市,北京市,朝阳区,亮马桥路(东风桥西北角),爱家国际商业中心(建设中),购物服务;商场;购物中心,60101,116.4777039,39.9564906
315,北京市,北京市,朝阳区,东四环华侨城维吉奥商业街,欢乐广场,购物服务;商场;普通商场,60102,116.4955704,39.86601528
316,北京市,北京市,朝阳区,朝外大街8号,蓝岛大厦(朝阳店),购物服务;商场;普通商场,60102,116.4430788,39.92101042
317,北京市,北京市,朝阳区,民族园路2号唐人街外贸原单商城,秀水奥莱,购物服务;商场;普通商场,60102,116.3842687,39.98081709
318,北京市,北京市,朝阳区,东大桥路8号,SOHO尚都,购物服务;商场;购物中心,60101,116.4453081,39.91755309
319,北京市,北京市,朝阳区,朝外小庄6号(近中国第一商城),中国第一商城阳光鑫隆外贸商城,购物服务;商场;普通商场,60102,116.4647391,39.91446739
320,北京市,北京市,朝阳区,新东路12号院3号楼星天地酒店2层,星天地(三里屯店),购物服务;商场;购物中心,60101,116.4449298,39.93568357
321,北京市,北京市,朝阳区,金盏乡森林公园东1号,斯普瑞斯奥特莱斯2期,购物服务;商场;购物中心,60101,116.5901433,40.01186291
322,北京市,北京市,朝阳区,青年路国美第一城3号院9号楼,百佳菜篮子购物中心,购物服务;商场;购物中心,60101,116.5076564,39.93273398
323,北京市,北京市,朝阳区,利泽西园209号楼,望馨商业中心,购物服务;商场;普通商场,60102,116.4557711,40.00787193
324,北京市,北京市,朝阳区,东四环南路9号燕莎奥特莱斯A座F1层,navigare(燕莎奥特莱斯A座),购物服务;服装鞋帽皮具店;品牌服装店|购物服务;商场;商场,061101|060100,116.4820661,39.87617769
325,北京市,北京市,朝阳区,永安里F3-2001号,John Tailor Shop,购物服务;商场;商场,60100,116.4434694,39.90784875
326,北京市,北京市,朝阳区,朝阳门外大街三丰北里2号楼,悠唐购物中心1期,购物服务;商场;购物中心,60101,116.4330502,39.92063633
327,北京市,北京市,朝阳区,建国门外大街1号北京国贸商城南区西段L2层北京中国大饭店附近,国贸商城-东区,购物服务;商场;购物中心,60101,116.4533854,39.90815332
328,北京市,北京市,朝阳区,新源南路,华都中心,购物服务;商场;购物中心,60101,116.4507517,39.94640772
329,北京市,北京市,朝阳区,望京西路41号,梦秀欢乐广场,购物服务;商场;购物中心,60101,116.4505232,39.99312134
330,北京市,北京市,朝阳区,朝阳路167号,苏宁生活广场,购物服务;商场;购物中心,60101,116.4886431,39.91489434
331,北京市,北京市,朝阳区,朝阳路与杨闸环岛交叉口西北100米,中百世贸商城,购物服务;商场;普通商场,60102,116.5930677,39.91180004
332,北京市,北京市,朝阳区,三里屯路19号,三里屯太古里南区,购物服务;商场;普通商场,60102,116.4482371,39.93351566
333,北京市,北京市,朝阳区,G1京哈高速与G1京哈高速入口交汇处西南200米,朝悦百惠购物中心西区,购物服务;商场;商场,60100,116.5288801,39.86739992
334,北京市,北京市,朝阳区,西坝河中里34号,朝阳商业大楼,购物服务;商场;购物中心,60101,116.4334209,39.96045934
335,北京市,北京市,朝阳区,八里庄东里5号(近苏宁电器),昆泰慈云商厦,购物服务;商场;普通商场,60102,116.4903254,39.91498035
336,北京市,北京市,朝阳区,大洋路8号,尚仕兴源·北京国际健康产业城,商务住宅;楼宇;商务写字楼|购物服务;商场;普通商场,120201|060102,116.4586914,39.85611067
337,北京市,北京市,朝阳区,三里屯路11号、19号三里屯太古里,太古广场南区-S3,购物服务;商场;商场,60100,116.4476374,39.93405834
338,北京市,北京市,朝阳区,建国门外大街16号东方瑞景1号楼,瑞景商业中心,购物服务;商场;普通商场|购物服务;商场;购物中心,060102|060101,116.4367131,39.90567113
339,北京市,北京市,朝阳区,三里屯路19号院,三里屯太古里,购物服务;商场;普通商场,60102,116.4482371,39.93351566
340,北京市,北京市,朝阳区,化工路与金蝉南路交叉口东150米,东鹏服装百货商城,购物服务;商场;商场,60100,116.5092077,39.86278167
341,北京市,北京市,朝阳区,北辰东路8号名门多福生活广场3层,安瑞井,购物服务;商场;商场,60100,116.4002583,39.99010493
342,北京市,北京市,朝阳区,西坝河南路与香河园西街交叉口北200米,BBMG HOME国际家居建材购物中心,购物服务;商场;购物中心,60101,116.4276197,39.950502
343,北京市,北京市,朝阳区,工人体育场北路8号三里屯soho,三里屯SOHO商场5,购物服务;商场;购物中心,60101,116.4482034,39.9307457
344,北京市,北京市,朝阳区,六里屯街道朝阳公园南路6号,公园大道生活广场,购物服务;商场;普通商场,60102,116.4797638,39.93048058
345,北京市,北京市,朝阳区,新源南路1号,都汇天地购物中心(新源南路),购物服务;商场;购物中心,60101,116.4539329,39.94851197
346,北京市,北京市,朝阳区,安立路68号,飘亮购物中心(装修中),购物服务;商场;购物中心,60101,116.4029625,39.9965743
347,北京市,北京市,朝阳区,东坝镇驹子房金驹家园214底商,金驹,购物服务;商场;普通商场,60102,116.5613888,39.95642187
348,北京市,北京市,朝阳区,宏昌路与宏泰西街交叉口西南角,望和益民商城,购物服务;商场;普通商场,60102,116.464001,39.99872806
349,北京市,北京市,朝阳区,机场西路2号航站楼F2层,cdf中国免税(2号航站楼),购物服务;商场;免税品店,60103,116.5881237,40.07565422
350,北京市,北京市,朝阳区,工人体育场北路8号三里屯SOHO办公A,三里屯SOHO商场1,购物服务;商场;普通商场,60102,116.4467823,39.93157261
351,北京市,北京市,朝阳区,西大望路21号,合生汇,购物服务;商场;购物中心,60101,116.4741539,39.89280512
352,北京市,北京市,朝阳区,东四环南路9号F2层,宾度-燕莎奥特莱斯C座,购物服务;商场;购物中心,60101,116.4805614,39.87722225
353,北京市,北京市,朝阳区,十里河家具大道8号,豹友会大厦,购物服务;商场;购物中心,60101,116.4543825,39.85947302
354,北京市,北京市,朝阳区,东三环北路与亮马桥路交叉口西150米都汇天地购物中心,都汇天地购物中心A馆,购物服务;商场;商场,60100,116.454267,39.94821577
355,北京市,北京市,朝阳区,秀水东街8号,新秀水街商厦,购物服务;商场;购物中心,60101,116.4434624,39.90828872
356,北京市,北京市,朝阳区,常通路常通路1号附近,PARADISE WALK,购物服务;商场;普通商场,60102,116.593603,39.92400449
357,北京市,北京市,朝阳区,老君堂中路156号附近,青田联华生活广场(老君堂店),购物服务;商场;普通商场,60102,116.5028272,39.83755249
358,北京市,北京市,朝阳区,东四环南路与东四环南路入口交叉口西50米,燕莎奥特莱斯,购物服务;商场;普通商场,60102,116.4832473,39.87762608
359,北京市,北京市,朝阳区,上京新航线306楼,北辰购物中心(北苑店美食),购物服务;商场;商场,60100,116.4597368,40.0077377
360,北京市,北京市,朝阳区,朝阳路7号,万科时代广场,购物服务;商场;商场,60100,116.600044,39.91191856
361,北京市,北京市,朝阳区,周家庄路183号附近,古隆盛广场,购物服务;商场;普通商场,60102,116.4653694,39.8573118
362,北京市,北京市,朝阳区,华威路与华威里南街交叉口,点美生活(华威店),购物服务;商场;普通商场,60102,116.4495606,39.87266827
363,北京市,北京市,朝阳区,红军营东路53号附近,天融百货,购物服务;商场;普通商场,60102,116.4304612,40.02803382
364,北京市,北京市,朝阳区,农展馆北路15号-104附近,258生活广场,购物服务;商场;普通商场,60102,116.4653295,39.94345078
365,北京市,北京市,朝阳区,机场西路2号航站楼F2层,中国免税(2号航站楼),购物服务;商场;免税品店,60103,116.5907923,40.07597646
366,北京市,北京市,朝阳区,霄云路35号,中国乐势力音乐广场,购物服务;商场;普通商场,60102,116.4573184,39.95659279
367,北京市,北京市,朝阳区,建国门外大街1号,国贸商城中区,购物服务;商场;购物中心,60101,116.4527924,39.90981787
368,北京市,北京市,朝阳区,建国门外大街1号,北京国贸商城南区东段,购物服务;商场;购物中心,60101,116.4541276,39.90854005
369,北京市,北京市,朝阳区,建国门外大街1号,北京国贸商城北区西段,购物服务;商场;购物中心,60101,116.4528574,39.91126696
370,北京市,北京市,朝阳区,建国门外大街1号,北京国贸商城北区东段,购物服务;商场;购物中心,60101,116.4544322,39.91060168
371,北京市,北京市,朝阳区,建国门外大街1号,北京国贸商城南区西段,购物服务;商场;购物中心,60101,116.4523472,39.9083379
372,北京市,北京市,朝阳区,吕营大街246号附近,博大广场,购物服务;商场;普通商场,60102,116.4571931,39.83689612
373,北京市,北京市,朝阳区,望京西路96号附近,后时代广场,购物服务;商场;购物中心,60101,116.4509043,39.99278721
374,北京市,北京市,朝阳区,香江北路28号,王府井百货电子,购物服务;商场;商场,60100,116.4991971,40.03530873
375,北京市,北京市,朝阳区,朝阳北路180号附近,佳亿青年汇北厅,购物服务;商场;普通商场,60102,116.5113935,39.92071725
376,北京市,北京市,朝阳区,大屯路307号附近,THE MALL,购物服务;商场;购物中心,60101,116.400817,40.00169355
377,北京市,北京市,朝阳区,建国门外大街1号,国贸3期B座北区,购物服务;商场;购物中心,60101,116.4543981,39.91098658
378,北京市,北京市,朝阳区,东三环中路与国贸桥交叉口西北150米,国贸3期B座南区,购物服务;商场;购物中心,60101,116.4542156,39.91027818
379,北京市,北京市,朝阳区,光华路22号,光华路SOHO-1期,购物服务;商场;购物中心,60101,116.4460579,39.9116379
380,北京市,北京市,朝阳区,[],国贸商城3期,购物服务;商场;购物中心,60101,116.4535284,39.91113453
381,北京市,北京市,朝阳区,景辉南街与针织路交叉口东北150米,万达广场-西区,购物服务;商场;购物中心|商务住宅;商务住宅相关;商务住宅相关,060101|120000,116.4640735,39.90941985
382,北京市,北京市,朝阳区,三里屯路19号三里屯太古里北区,三里屯太古里北区N2座,购物服务;商场;普通商场,60102,116.4488825,39.93697593
383,北京市,北京市,朝阳区,三里屯路19号三里屯太古里北区,三里屯太古里北区N8座,购物服务;商场;普通商场,60102,116.4480561,39.93734011
384,北京市,北京市,朝阳区,姚家园路101号新七彩商业中心,新七彩商业中心B区,购物服务;商场;购物中心,60101,116.5012623,39.93562108
385,北京市,北京市,朝阳区,朝阳公园路6号院蓝色港湾国际商区,蓝色港湾国际商区2号楼,购物服务;商场;购物中心,60101,116.4704237,39.94782441
386,北京市,北京市,朝阳区,工人体育场北路8号三里屯SOHO办公A附近,三里屯SOHO商场1号楼,购物服务;商场;普通商场,60102,116.4468876,39.93170283
387,北京市,北京市,朝阳区,姚家园路南50米,新七彩商业中心C区,购物服务;商场;普通商场,60102,116.5017721,39.93621657
388,北京市,北京市,朝阳区,呼家楼地铁站C2东南口东150米,ANLIAN PLAZA,购物服务;商场;普通商场,60102,116.4574886,39.92009866
389,北京市,北京市,朝阳区,东四环中路78号楼附近,遛99商场99馆,购物服务;商场;普通商场,60102,116.4869337,39.89822499
390,北京市,北京市,朝阳区,东三环中路63号VIVA,北京富力广场,购物服务;商场;购物中心,60101,116.4546661,39.89352399
391,北京市,北京市,朝阳区,三里屯路19号,三里屯太古里南区S5,购物服务;商场;普通商场,60102,116.4475923,39.93373426
392,北京市,北京市,朝阳区,建国门外大街1号,国贸商城南区,购物服务;商场;购物中心,60101,116.4533854,39.90815332
393,北京市,北京市,朝阳区,光华路9号世贸天阶B1层,世贸天阶地下商区,购物服务;商场;商场,60100,116.445916,39.91542645
394,北京市,北京市,朝阳区,日坛北路17号,日坛国际贸易中心A区,购物服务;商场;普通商场,60102,116.4355669,39.91867159
395,北京市,北京市,朝阳区,十八里店十里河家俱大道8号,柏汇广场,购物服务;商场;购物中心|购物服务;商场;普通商场,060101|060102,116.4547818,39.85907799
396,北京市,北京市,朝阳区,东四环南路9号,亮都广场,购物服务;商场;购物中心,60101,116.480712,39.87684171
397,北京市,北京市,朝阳区,工人体育场北路8号三里屯soho,三里屯SOHO商场6,购物服务;商场;购物中心,60101,116.446949,39.93022702
398,北京市,北京市,朝阳区,[],像素湾,购物服务;商场;购物中心,60101,116.6102581,39.92603115
399,北京市,北京市,朝阳区,清苑路西200米,华贸天地,购物服务;商场;普通商场,60102,116.42511,40.04657542
400,北京市,北京市,朝阳区,常通路1号院1号楼长楹天街购物中心F4,咪哒(龙湖长楹天街购物中心西区),购物服务;商场;商场,60100,116.5929273,39.92402754
401,北京市,北京市,朝阳区,建国路87号华联新光百货五层UTC专柜,UTC华联新光百货,购物服务;商场;商场,60100,116.4729485,39.90894201
402,北京市,北京市,朝阳区,亮马桥路53号,北京市官舍2期,购物服务;商场;商场,60100,116.4567766,39.94940674
403,北京市,北京市,朝阳区,建国门外大街1号,中国国际贸易中心北区,购物服务;商场;商场,60100,116.4521783,39.91142438
404,北京市,北京市,朝阳区,机场西路2号航站楼F2层,日上免税行(2号航站楼),购物服务;商场;免税品店,60103,116.5894575,40.07647333
405,北京市,北京市,丰台区,地铁9号线丰台科技园站C口,万达广场(丰科店),购物服务;商场;购物中心,60101,116.2928915,39.8229458
406,北京市,北京市,丰台区,南四环西路76号,花乡奥莱村,购物服务;商场;购物中心,60101,116.3179223,39.82623757
407,北京市,北京市,丰台区,卢沟桥杜家坎环岛东北角地下一层,金瑞天霖购物中心,购物服务;商场;购物中心,60101,116.2042073,39.84483795
408,北京市,北京市,丰台区,南三环中路67号院1,北京国际玩具城A区,购物服务;商场;普通商场,60102,116.4040919,39.85629978
409,北京市,北京市,丰台区,云岗路三院动力站向南50米,云岗百货商场,购物服务;商场;普通商场,60102,116.1531762,39.8081124
410,北京市,北京市,丰台区,丰台北路18号院,恒泰广场,购物服务;商场;购物中心,60101,116.2990175,39.86489504
411,北京市,北京市,丰台区,南宫商业街3号,恒源商厦(云岗西路9号院南),购物服务;商场;普通商场,60102,116.1484645,39.80735906
412,北京市,北京市,丰台区,蒲方路24号(近方庄体育公园南门),北京方庄购物中心,购物服务;商场;购物中心,60101,116.4218951,39.86392861
413,北京市,北京市,丰台区,马家堡东路101号院10号楼,银泰百货(大红门店),购物服务;商场;普通商场,60102,116.3792178,39.84313743
414,北京市,北京市,丰台区,万丰路68号院,北京银座和谐广场,购物服务;商场;购物中心,60101,116.2912692,39.88105998
415,北京市,北京市,丰台区,西三环南路10-3号,月恒正大新生活广场,购物服务;商场;普通商场,60102,116.3064514,39.87802915
416,北京市,北京市,丰台区,南苑西路39号,万达广场(槐房店),购物服务;商场;购物中心,60101,116.3617597,39.8127124
417,北京市,北京市,丰台区,花乡南三环西路91号,赋霖商厦,购物服务;商场;普通商场|购物服务;商场;购物中心,060102|060101,116.3253761,39.85056671
418,北京市,北京市,丰台区,西四环南路1号(看丹桥南侧),资和信百货,购物服务;商场;普通商场,60102,116.2789672,39.83665785
419,北京市,北京市,丰台区,花乡草桥东路1号,上品折扣(草桥店),购物服务;商场;普通商场,60102,116.3521836,39.8496308
420,北京市,北京市,丰台区,草桥地铁10线北,今日草桥,商务住宅;住宅区;住宅小区|购物服务;商场;普通商场,120302|060102,116.3452618,39.84531742
421,北京市,北京市,丰台区,丰管路甲3号,亿潼隆丰益购物中心,购物服务;商场;购物中心,60101,116.2960632,39.85719447
422,北京市,北京市,丰台区,万丰路305号,亿潼隆万丰购物中心,购物服务;商场;购物中心,60101,116.2900894,39.87176928
423,北京市,北京市,丰台区,东铁匠营街道宋庄路甲9号,东森时尚百货,购物服务;商场;普通商场,60102,116.4219735,39.85357527
424,北京市,北京市,丰台区,方庄芳星园二区6号楼,方庄时代生活广场,购物服务;商场;商场,60100,116.4291956,39.86413406
425,北京市,北京市,丰台区,丰台北路甲79号,首航生活广场,购物服务;商场;普通商场,60102,116.2877482,39.86533115
426,北京市,北京市,丰台区,蒲芳路芳星园二区6号楼,时代LIFE购物中心,购物服务;商场;普通商场,60102,116.4291235,39.86411496
427,北京市,北京市,丰台区,大成路8号,翠微百货(大成路店),购物服务;商场;普通商场,60102,116.2592283,39.88721347
428,北京市,北京市,丰台区,南三环西路16号,凯德MALL(大峡谷店),购物服务;商场;购物中心,60101,116.3605954,39.8532223
429,北京市,北京市,丰台区,卢沟桥街道大成路天泰大厦23号天泰商城,天泰商场,购物服务;商场;普通商场,60102,116.2500055,39.88850931
430,北京市,北京市,丰台区,西铁营中路1号,万达广场(西铁营店),购物服务;商场;购物中心,60101,116.3507341,39.8599985
431,北京市,北京市,丰台区,光彩路232号,京港城生活广场,购物服务;商场;购物中心|购物服务;商场;普通商场,060101|060102,116.4084459,39.83918772
432,北京市,北京市,丰台区,开阳路8号,悦秀城购物中心,购物服务;商场;购物中心,60101,116.3698075,39.86694544
433,北京市,北京市,丰台区,梅市口路12号院1号楼,民生商业,购物服务;商场;普通商场,60102,116.2648578,39.87947594
434,北京市,北京市,丰台区,东高地万源北路,航天万源广场,购物服务;商场;购物中心,60101,116.4173828,39.80129402
435,北京市,北京市,丰台区,东铁营街道塔园12号,西岸汇商亲子生活城,购物服务;商场;普通商场,60102,116.4096624,39.85894325
436,北京市,北京市,丰台区,草桥北街6号楼,恋日生活广场,购物服务;商场;购物中心,60101,116.3484295,39.84494412
437,北京市,北京市,丰台区,南苑路13,京温服装市场,购物服务;商场;普通商场,60102,116.3928167,39.84825418
438,北京市,北京市,丰台区,洋桥西里甲1号山西大厦A座1层,金辇酒店购物中心,购物服务;商场;购物中心,60101,116.3766234,39.85635764
439,北京市,北京市,丰台区,宋庄路71号院3号,扑满山商城,购物服务;商场;普通商场,60102,116.4205236,39.84420421
440,北京市,北京市,丰台区,成寿寺路2号,新业广场,购物服务;商场;购物中心,60101,116.4408834,39.85605621
441,北京市,北京市,丰台区,右安门街道开阳路8号,U-SHOW悦秀城生活广场,购物服务;商场;购物中心,60101,116.369382,39.86697689
442,北京市,北京市,丰台区,小屯路兆丰园3区1号楼1-3层,久隆百货(青塔店),购物服务;商场;普通商场,60102,116.2460552,39.88922997
443,北京市,北京市,丰台区,南大红门路,梅源商厦,购物服务;商场;购物中心,60101,116.4133046,39.79670392
444,北京市,北京市,丰台区,马家堡西路15号,时代金街,购物服务;商场;普通商场,60102,116.3635868,39.8448409
445,北京市,北京市,丰台区,周口店路与园博大道交叉口东150米,新天家商城,购物服务;商场;普通商场,60102,116.2038985,39.84636445
446,北京市,北京市,丰台区,南苑路11号,新世纪服装大厦,购物服务;商场;商场,60100,116.3932445,39.84925506
447,北京市,北京市,丰台区,汽车博物馆东路,丰台金茂广场(建设中),购物服务;商场;购物中心,60101,116.2977532,39.82329374
448,北京市,北京市,丰台区,大红门路警备东路6号,嘉苑汇粹,购物服务;商场;普通商场|购物服务;商场;购物中心,060102|060101,116.4142169,39.78692346
449,北京市,北京市,丰台区,马家堡嘉园二里,明日商厦,购物服务;商场;商场,60100,116.3597899,39.84414593
450,北京市,北京市,丰台区,南苑路11号,新世纪创意大厦,购物服务;商场;普通商场,60102,116.3931895,39.84926206
451,北京市,北京市,丰台区,宋家庄顺八条8号院三区3号楼(宋家庄地铁站),首开·福茂,购物服务;商场;普通商场,60102,116.4210102,39.84501669
452,北京市,北京市,丰台区,万丰路68号院北京银座和谐广场购物中心1-5层,银座商城,购物服务;商场;普通商场,60102,116.2916725,39.88098035
453,北京市,北京市,丰台区,大成路1附近,新华百货品牌折扣店,购物服务;商场;普通商场,60102,116.266031,39.88718161
454,北京市,北京市,丰台区,南苑西路374号附近,北京新发地购物广场,购物服务;商场;购物中心,60101,116.3379094,39.82249691
455,北京市,北京市,丰台区,南苑路88号,宝苑国际购物中心(暂停营业),购物服务;商场;购物中心,60101,116.4023353,39.80780043
456,北京市,北京市,丰台区,永外果园8号,合生广场,购物服务;商场;购物中心,60101,116.3914621,39.85431307
457,北京市,北京市,丰台区,靛厂路11号附近,千禧购物中心,购物服务;商场;购物中心,60101,116.2766677,39.88879879
458,北京市,北京市,丰台区,蒲方路9号院8号,GOGO商业中心,购物服务;商场;商场,60100,116.4171094,39.86457363
459,北京市,北京市,丰台区,南苑路5号,福海国际,购物服务;商场;普通商场,60102,116.3927471,39.85332389
460,北京市,北京市,丰台区,城南嘉园益城园14号,华联商厦(城南嘉园店),购物服务;商场;购物中心,60101,116.3632059,39.83294013
461,北京市,北京市,丰台区,吴家场路1号院,悦邻百姓生活服务广场,购物服务;商场;普通商场,60102,116.303358,39.89304402
462,北京市,北京市,丰台区,角门北路甲8号,北京市鑫华鑫星商场,购物服务;商场;普通商场,60102,116.3745624,39.84880282
463,北京市,北京市,丰台区,马家堡东路辅路,星光广场,购物服务;商场;商场,60100,116.377824,39.83494798
464,北京市,北京市,丰台区,榴乡路88号石榴中心,石榴中心斯坦福广场,购物服务;商场;购物中心|商务住宅;产业园区;产业园区,060101|120100,116.4161833,39.84073915
465,北京市,北京市,丰台区,三环新城7号院16号楼,北京京雅智源商贸中心,购物服务;商场;商场,60100,116.3006451,39.84951409
466,北京市,北京市,丰台区,南苑路福海国际大厦北侧,方仕国际商贸城,购物服务;商场;普通商场,60102,116.3926589,39.85459283
467,北京市,北京市,丰台区,万芳路与首经贸北路交叉口东100米,地铁尚城,购物服务;商场;普通商场,60102,116.3116084,39.8430495
468,北京市,北京市,丰台区,丰茂北路,国美商都,购物服务;商场;普通商场,60102,116.2855996,39.82659562
469,北京市,北京市,丰台区,南苑路辅路附近,红门国际广场,购物服务;商场;普通商场,60102,116.3950688,39.83839854
470,北京市,北京市,丰台区,临泓路4号附近,明珠商贸城,购物服务;商场;商场,60100,116.3933193,39.8433424
471,北京市,北京市,丰台区,大灰厂东路6号附近,聚富百汇,购物服务;商场;普通商场,60102,116.1868678,39.85111006
472,北京市,北京市,丰台区,益泽路55号,顺和国际,购物服务;商场;普通商场,60102,116.3028258,39.86382643
473,北京市,北京市,丰台区,[],时尚购物广场,购物服务;商场;购物中心,60101,116.3917934,39.85211113
474,北京市,北京市,丰台区,六里桥南里国美电器2楼,米兰·life,购物服务;商场;普通商场,60102,116.3061589,39.87842166
475,北京市,北京市,丰台区,汽车博物馆东路与汽车博物馆南路交叉口西南100米,诺德商街A区,购物服务;商场;普通商场,60102,116.2964494,39.82567778
476,北京市,北京市,丰台区,汽车博物馆南路与汽车博物馆西路交叉口东南100米,诺德商街C区,购物服务;商场;普通商场,60102,116.2947417,39.82561361
477,北京市,北京市,丰台区,梅市口路133号,京荟广场,购物服务;商场;商场,60100,116.2449321,39.87987851
478,北京市,北京市,丰台区,玉泉营桥西111号,中科基业广场,购物服务;商场;商场,60100,116.3392148,39.85177768
479,北京市,北京市,丰台区,岳各庄东路与靛厂路交叉口西北150米,千禧商业街B座,购物服务;商场;购物中心,60101,116.2774407,39.88876587
480,北京市,北京市,丰台区,丰仪路1号院13,中贡商业广场,购物服务;商场;普通商场,60102,116.2246667,39.87586821
481,北京市,北京市,丰台区,蒲黄榆路28号,汇鑫城,购物服务;商场;购物中心,60101,116.4159152,39.86241366
482,北京市,北京市,丰台区,九号路附近,永旺,购物服务;商场;购物中心,60101,116.2870394,39.81722619
483,北京市,北京市,石景山区,金顶街街道阜石路300号,喜隆多新国际购物中心,购物服务;商场;购物中心,60101,116.1655726,39.92160909
484,北京市,北京市,石景山区,石景山路乙18号院万达广场B1-4层,万达百货(北京石景山店),购物服务;商场;普通商场,60102,116.2192787,39.90560361
485,北京市,北京市,石景山区,金顶街西口,碧泉商场,购物服务;商场;普通商场,60102,116.155531,39.92512832
486,北京市,北京市,石景山区,阜石路165号,当代商城(鼎城店),购物服务;商场;购物中心,60101,116.1896538,39.92422024
487,北京市,北京市,石景山区,太平路与石槽东路交叉口北150米,远洋时代广场,购物服务;商场;购物中心,60101,116.2462969,39.90009845
488,北京市,北京市,石景山区,石景山路乙18号院,万达广场(北京石景山店),购物服务;商场;购物中心,60101,116.2197855,39.90511807
489,北京市,北京市,石景山区,鲁谷大街53号,天大商城,购物服务;商场;普通商场,60102,116.225405,39.88902008
490,北京市,北京市,石景山区,石景山路乙18号万达广场F2层,厂东门1919(万达广场店),购物服务;商场;购物中心,60101,116.2198587,39.90473815
491,北京市,北京市,石景山区,张仪村路与衙门口南路交叉口北100米天大商城,天大奥特莱斯,购物服务;商场;商场,60100,116.2256643,39.88867526
492,北京市,北京市,石景山区,石景山路22号,华联商厦(石景山店),购物服务;商场;购物中心,60101,116.2138221,39.90519937
493,北京市,北京市,石景山区,石景山路45,星座大厦,购物服务;商场;普通商场,60102,116.1854542,39.90632091
494,北京市,北京市,石景山区,古城南路14号新五星菜市场旁,天兰优品(古城南路店),购物服务;商场;普通商场,60102,116.1843489,39.91013083
495,北京市,北京市,石景山区,古城南路32号天圣发市场,交通银行离行式天圣发百货批发市场(试行店)(装修中),购物服务;商场;商场|生活服务;生活服务场所;生活服务场所,060100|070000,116.1835498,39.90983145
496,北京市,北京市,石景山区,古城南路48号,德义兴商场,购物服务;商场;普通商场,60102,116.1833242,39.90941708
497,北京市,北京市,石景山区,鲁谷东街84号附近,永辉广场,购物服务;商场;普通商场,60102,116.2263836,39.89286653
498,北京市,北京市,石景山区,古城南路11-2号,七月泽豪商场,购物服务;商场;普通商场,60102,116.1854798,39.91004479
499,北京市,北京市,石景山区,阜石路165号院2号,今鼎时代广场A座,购物服务;商场;购物中心,60101,116.1891746,39.92404346
500,北京市,北京市,海淀区,北三环西路与北三环西路出口交叉口西150米,方恒时尚中心(建设中),购物服务;商场;购物中心|购物服务;商场;普通商场,060101|060102,116.3357918,39.96687275
501,北京市,北京市,海淀区,成府路28号,五道口购物中心,购物服务;商场;购物中心,60101,116.3329052,39.99072915
502,北京市,北京市,海淀区,农大南路1号院1号楼,华联商厦(上地店),购物服务;商场;购物中心,60101,116.3056992,40.02727812
503,北京市,北京市,海淀区,北安河路32号附近,隆盛福安大卖场,购物服务;超级市场;超市|购物服务;商场;商场,060400|060100,116.1143709,40.07790825
504,北京市,北京市,海淀区,中关村大街19号,新中关购物中心,购物服务;商场;购物中心,60101,116.309166,39.97702895
505,北京市,北京市,海淀区,西直门北大街32号院,枫蓝国际购物中心,购物服务;商场;购物中心,60101,116.3504001,39.95156192
506,北京市,北京市,海淀区,复兴路69号,华熙LIVE,购物服务;商场;购物中心,60101,116.2735899,39.90922436
507,北京市,北京市,海淀区,西北旺镇韩家川村,安泰购物中心(黑龙潭路),购物服务;商场;购物中心,60101,116.2411735,40.04371936
508,北京市,北京市,海淀区,丹棱街甲1号,欧美汇购物中心,购物服务;商场;购物中心,60101,116.3080473,39.97810298
509,北京市,北京市,海淀区,中关村大街15号(近海淀大街),中关村广场步行街,购物服务;特色商业街;步行街|购物服务;商场;商场,061001|060100,116.3088455,39.97889847
510,北京市,北京市,海淀区,车公庄西路29号京颐科技大厦1-2层,京颐商场,购物服务;商场;普通商场,60102,116.3088325,39.93149838
511,北京市,北京市,海淀区,花园路2号(近牡丹园地铁站西北口),翠微百货(牡丹园店),购物服务;商场;普通商场,60102,116.3610281,39.97595325
512,北京市,北京市,海淀区,远大路1号,世纪金源购物中心,购物服务;商场;购物中心,60101,116.2821766,39.95732797
513,北京市,北京市,海淀区,[],华联商厦(五道口店),购物服务;商场;购物中心,60101,116.3329561,39.99057506
514,北京市,北京市,海淀区,北三环西路38号,双安商场,购物服务;商场;购物中心,60101,116.3196838,39.96505246
515,北京市,北京市,海淀区,永定路88号,西点mall购物中心,购物服务;商场;购物中心,60101,116.2592013,39.90399872
516,北京市,北京市,海淀区,五道口新村4号,五道口购物广场,购物服务;商场;购物中心,60101,116.3335835,39.98412216
517,北京市,北京市,海淀区,中关村南大街2号数码大厦B座,华宇时尚购物中心,购物服务;商场;购物中心,60101,116.3173512,39.96404998
518,北京市,北京市,海淀区,莲花池东路31号中裕大厦1层,西新隆商场,购物服务;商场;普通商场,60102,116.3162772,39.89643083
519,北京市,北京市,海淀区,复兴路69号蓝色港湾购物中心,蓝色港湾购物中心(五棵松店),购物服务;商场;购物中心,60101,116.2716237,39.9120283
520,北京市,北京市,海淀区,学清路甲8号,圣熙8号购物中心,购物服务;商场;购物中心,60101,116.3477133,40.00724902
521,北京市,北京市,海淀区,复兴路33号,翠微大厦,购物服务;商场;购物中心,60101,116.2971748,39.90706516
522,北京市,北京市,海淀区,三里河路17号,甘家口百货,购物服务;商场;普通商场,60102,116.3274249,39.92614315
523,北京市,北京市,海淀区,清河中街68号,华润·五彩城,购物服务;商场;购物中心,60101,116.3282769,40.02887319
524,北京市,北京市,海淀区,西四环北路117号金四季购物中心3-4层,爱普奥特莱斯,购物服务;商场;商场,60100,116.2656064,39.94307758
525,北京市,北京市,海淀区,西翠路5号,上品折扣(五棵松店),购物服务;商场;普通商场,60102,116.2741869,39.89943716
526,北京市,北京市,海淀区,田村路43号,京粮广场,购物服务;商场;购物中心,60101,116.2479774,39.92978195
527,北京市,北京市,海淀区,农大南路1号院1号楼地下一层B101+B1-12/13,北京华联购物中心(上地店),购物服务;商场;购物中心,60101,116.3052003,40.02721603
528,北京市,北京市,海淀区,复兴路甲23号,城乡购物中心,购物服务;商场;普通商场,60102,116.3013554,39.90752593
529,北京市,北京市,海淀区,中关村大街40号当代商城B1层,风尚生活馆(当代商城),购物服务;商场;普通商场|购物服务;超级市场;超市,060102|060400,116.3150698,39.96900014
530,北京市,北京市,海淀区,永定路88号,西点茂,购物服务;商场;购物中心|购物服务;商场;普通商场,060101|060102,116.2592493,39.90402169
531,北京市,北京市,海淀区,中关村大街5,中关村广场购物中心,购物服务;商场;普通商场,60102,116.3064115,39.98100087
532,北京市,北京市,海淀区,复兴路51号,凯德晶品购物中心,购物服务;商场;购物中心,60101,116.2913608,39.90699764
533,北京市,北京市,海淀区,复兴路29-33号,翠微百货翠微店B座,购物服务;商场;普通商场|商务住宅;楼宇;商务写字楼,060102|120201,116.2993286,39.90696448
534,北京市,北京市,海淀区,清华东路甲1号,凯时广场,购物服务;商场;普通商场,60102,116.3331794,40.00023323
535,北京市,北京市,海淀区,圆明园西路18号,中发百旺商城,购物服务;商场;普通商场,60102,116.2706472,40.02792543
536,北京市,北京市,海淀区,后屯路(文龙家园四里4号楼),悦茂购物中心,购物服务;商场;购物中心,60101,116.3435404,40.04214343
537,北京市,北京市,海淀区,远大路1号世纪金源购物中心B1-3层,燕莎友谊商城(金源店),购物服务;商场;普通商场,60102,116.2850781,39.95746797
538,北京市,北京市,海淀区,西三旗建材城中路6号,新都生活广场(建材城中路),购物服务;商场;购物中心,60101,116.3590259,40.05813907
539,北京市,北京市,海淀区,宝盛北里西区28号楼,兴美生活广场,购物服务;商场;普通商场,60102,116.3642225,40.03596445
540,北京市,北京市,海淀区,复兴路甲23之1-2号北京城乡贸易中心3层,城乡商场美食街,购物服务;商场;商场,60100,116.3013215,39.90754799
541,北京市,北京市,海淀区,安宁庄东路1号,蓝岛金隅百货,购物服务;商场;普通商场,60102,116.3185598,40.04855682
542,北京市,北京市,海淀区,北坞嘉园南里北坞幼儿园东行100米,玉泉商业生活中心,购物服务;商场;普通商场,60102,116.2457025,39.97483447
543,北京市,北京市,海淀区,首体南路9号主语国际中心B1层,肥桃生活广场,购物服务;商场;普通商场,60102,116.3185804,39.93290586
544,北京市,北京市,海淀区,清河中街清河三区98号,清河百货商场,购物服务;商场;普通商场,60102,116.3383352,40.02960335
545,北京市,北京市,海淀区,复兴路33号翠微大厦,翠微百货(翠微店),购物服务;商场;普通商场,60102,116.2972225,39.90702808
546,北京市,北京市,海淀区,远大路1号金源购物中心中区1-4层,金源新燕莎Mall,购物服务;商场;购物中心,60101,116.2830233,39.95744333
547,北京市,北京市,海淀区,中关村南大街12号(近中国农业科学院西门),东方天作商城,购物服务;商场;普通商场,60102,116.317246,39.96001434
548,北京市,北京市,海淀区,永泰庄路25号,泰鑫源商厦,购物服务;商场;普通商场,60102,116.3414153,40.03143672
549,北京市,北京市,海淀区,杏石口路27附近(西冉村17店),亿发购物中心(西冉村17店),购物服务;商场;普通商场|购物服务;超级市场;超市,060102|060400,116.2509892,39.94713057
550,北京市,北京市,海淀区,中关村颐和园路,北京硅谷电脑城,购物服务;商场;商场,60100,116.2984045,39.98599186
551,北京市,北京市,海淀区,西四环北路117号,金四季购物中心,购物服务;商场;购物中心,60101,116.2652416,39.94298588
552,北京市,北京市,海淀区,中关村大街40号,当代商城,购物服务;商场;购物中心,60101,116.3147365,39.96926377
553,北京市,北京市,海淀区,花园路1-35号,花园路百货商场,购物服务;商场;普通商场,60102,116.3586664,39.98025131
554,北京市,北京市,海淀区,翠微路12号,凯德MALL(翠微店),购物服务;商场;购物中心,60101,116.2972861,39.91122179
555,北京市,北京市,海淀区,皂君庙路28号,法雅体育(皂君庙店),购物服务;商场;普通商场,60102,116.3297027,39.95773154
556,北京市,北京市,海淀区,金沟河路21号,金泰商厦,购物服务;商场;商场,60100,116.2532247,39.91697805
557,北京市,北京市,海淀区,花园路甲2号院-4,同观商业中心,购物服务;商场;购物中心|购物服务;商场;普通商场,060101|060102,116.3602231,39.97875222
558,北京市,北京市,海淀区,西二旗中路与西二旗大街交叉口西南150米,西二旗益民商城,购物服务;商场;普通商场,60102,116.3078863,40.05199781
559,北京市,北京市,海淀区,地铁4号线西苑站C1出口,西苑商城,购物服务;商场;普通商场,60102,116.2844492,39.99657326
560,北京市,北京市,海淀区,羊坊店路32号附近,易车生活光耀东方广场(宽途汽车店),购物服务;商场;购物中心,60101,116.3159587,39.89795637
561,北京市,北京市,海淀区,北三环西路甲18号中鼎大厦1-2层,天兰·奥特莱斯(工厂店),购物服务;商场;普通商场,60102,116.3346046,39.965601
562,北京市,北京市,海淀区,阜成路61号,华光商厦,购物服务;商场;购物中心,60101,116.2956348,39.92317005
563,北京市,北京市,海淀区,复兴路29号,翠微广场,购物服务;商场;购物中心,60101,116.2993236,39.90702249
564,北京市,北京市,海淀区,宝盛里19号宝盛北里西区28号楼,天丰利百货商城,购物服务;商场;购物中心,60101,116.3643534,40.0357323
565,北京市,北京市,海淀区,前章村路与沙阳路交叉口东南150米,华佳美购物中心(前章村店),购物服务;商场;购物中心|购物服务;便民商店/便利店;便民商店/便利店,060101|060200,116.1725527,40.12436226
566,北京市,北京市,海淀区,巴沟路2号,北京华联万柳购物中心,购物服务;商场;购物中心,60101,116.2891565,39.97180941
567,北京市,北京市,海淀区,北三环西路北3环西路北侧23号附近,蓝景丽家商城(入口),购物服务;商场;普通商场,60102,116.3372136,39.96692513
568,北京市,北京市,海淀区,北三环西路23号,蓝景丽家商城(4号入口),购物服务;商场;普通商场,60102,116.3376943,39.96860118
569,北京市,北京市,海淀区,中关村大街40号当代商城B1楼,精品购物中心,购物服务;商场;购物中心,60101,116.3184765,39.96555976
570,北京市,北京市,海淀区,海淀大街27号海淀图书城10号楼,天使汇(海淀大街),购物服务;商场;普通商场|金融保险服务;金融保险服务机构;金融保险机构,060102|160000,116.3009918,39.98153156
571,北京市,北京市,海淀区,清河三区89号,金五星商厦,购物服务;商场;普通商场,60102,116.3373424,40.02919218
572,北京市,北京市,海淀区,北三环西路23号,蓝景丽家商城(4号入口),购物服务;商场;普通商场,60102,116.3376943,39.96860118
573,北京市,北京市,海淀区,中关村大街40号当代商城B1楼,精品购物中心,购物服务;商场;购物中心,60101,116.3184765,39.96555976
574,北京市,北京市,海淀区,清河中街68号华润五彩城东区F3层L390,华润·五彩城西区,购物服务;商场;购物中心,60101,116.3265958,40.0289084
575,北京市,北京市,海淀区,海淀大街27号海淀图书城10号楼,天使汇(海淀大街),购物服务;商场;普通商场|金融保险服务;金融保险服务机构;金融保险机构,060102|160000,116.3009918,39.98153156
576,北京市,北京市,海淀区,清河三区89号,金五星商厦,购物服务;商场;普通商场,60102,116.3373424,40.02919218
577,北京市,北京市,海淀区,北三环西路甲18号,大钟寺中坤广场,购物服务;商场;购物中心,60101,116.3356892,39.96496001
578,北京市,北京市,海淀区,西三环中路11号中央电视塔西北侧,cctv中视购物,购物服务;商场;普通商场|科教文化服务;传媒机构;传媒机构,060102|141100,116.2987762,39.91864294
579,北京市,北京市,海淀区,[],世纪金源购物中心东区,购物服务;商场;购物中心,60101,116.2837242,39.95742886
580,北京市,北京市,海淀区,清河三街95号同源大厦写字楼,天兰尾货(清河店),购物服务;商场;普通商场|购物服务;服装鞋帽皮具店;服装鞋帽皮具店,060102|061100,116.3379797,40.03136691
581,北京市,北京市,海淀区,学清路甲8号,商业广场,购物服务;商场;商场,60100,116.3490436,40.00718183
582,北京市,北京市,海淀区,安宁庄东路18号,清河商业城,购物服务;商场;普通商场,60102,116.3265253,40.0413709
583,北京市,北京市,海淀区,西翠路西郊伟伟市场5厅-1号,惠购大卖场,购物服务;商场;普通商场,60102,116.2767886,39.89673128
584,北京市,北京市,海淀区,西四环北路117号附近,金四季购物中心中段,购物服务;商场;购物中心,60101,116.2649959,39.94252309
585,北京市,北京市,海淀区,远大路1号世纪金源购物中心B1层,木槿生活株式会社,购物服务;商场;商场,60100,116.282519,39.95746451
586,北京市,北京市,海淀区,西三环中路20-18号,国宜广场(新兴桥环岛)(装修中),购物服务;商场;普通商场,60102,116.3019775,39.90477295
587,北京市,北京市,海淀区,[],新中关购物中心C座,购物服务;商场;购物中心,60101,116.3097537,39.97702585
588,北京市,北京市,海淀区,北三环西路48号,北京科技会展中心精品购物中心,购物服务;商场;购物中心,60101,116.318256,39.9651362
589,北京市,北京市,海淀区,万寿路28号院4号,汇海银星商场,购物服务;商场;普通商场,60102,116.2905246,39.89626142
590,北京市,北京市,海淀区,西翠路5号今日家园6号楼1层,陶朱商贸中心烟酒销售,购物服务;专卖店;烟酒专卖店|购物服务;商场;商场,061210|060100,116.2776542,39.89911314
591,北京市,北京市,海淀区,安宁庄东路甲18号天贸商城,联储百货,购物服务;商场;普通商场,60102,116.326699,40.0408086
592,北京市,北京市,海淀区,大柳树路2号院南区12号楼,北京吉瑞京阳商贸中心,购物服务;商场;普通商场,60102,116.3358163,39.95400521
593,北京市,北京市,海淀区,复兴路69号,五棵松998,购物服务;商场;购物中心,60101,116.2705879,39.91099839
594,北京市,北京市,海淀区,复兴路69号,蓝色港湾购物中心南区,购物服务;商场;购物中心,60101,116.2705769,39.9110104
595,北京市,北京市,海淀区,大运村西路与校园中路交叉口东100米,北京红阳盛世商贸中心,购物服务;商场;商场,60100,116.3354816,39.98156473
596,北京市,北京市,海淀区,八角东路12号京成城市广场,京成商厦,购物服务;商场;购物中心,60101,116.2009882,39.91924489
597,北京市,北京市,海淀区,五道口城铁旁边成府路28号,西街1号,购物服务;商场;普通商场,60102,116.3323983,39.99116609
598,北京市,北京市,海淀区,复兴路29-33号,翠微百货翠微店A座,购物服务;商场;普通商场,60102,116.2971738,39.90716515
599,北京市,北京市,海淀区,西顶路附近,燕莎友谊商城,购物服务;商场;普通商场,60102,116.2845848,39.95796464
600,北京市,北京市,海淀区,前屯路71号附近,悦茂,购物服务;商场;普通商场,60102,116.3426682,40.04237194
601,北京市,北京市,海淀区,远大路16号附近,世纪金源购物中心,购物服务;商场;普通商场,60102,116.2787387,39.95550548
602,北京市,北京市,海淀区,中关村大街76号附近,欧美汇,购物服务;商场;普通商场,60102,116.3088466,39.9779455
603,北京市,北京市,海淀区,天河街与颐和园路交叉口南50米,龙湖星悦荟,购物服务;商场;普通商场,60102,116.2854476,39.99636286
604,北京市,北京市,海淀区,复兴路29号121A-121B附近,翠微百货,购物服务;商场;普通商场,60102,116.2993256,39.9067155
605,北京市,北京市,海淀区,学院南路54号附近,东果商厦,购物服务;商场;普通商场,60102,116.3403631,39.95653083
606,北京市,北京市,海淀区,学府树中街与清河中街交叉口西南100米,五彩城购物中心,购物服务;商场;购物中心,60101,116.3270387,40.02916754
607,北京市,北京市,海淀区,玲珑路,海淀社区商业e中心,购物服务;商场;普通商场,60102,116.2879767,39.93065382
608,北京市,北京市,海淀区,阜成路68号,华光商厦,购物服务;商场;商场,60100,116.2848123,39.93512223
609,北京市,北京市,海淀区,[],世纪金源购物中心东广场,购物服务;商场;购物中心,60101,116.2829833,39.95753288
610,北京市,北京市,海淀区,[],金四季购物中心南段,购物服务;商场;购物中心,60101,116.2652786,39.94276086
611,北京市,北京市,海淀区,五棵松北路与西翠路交叉口东南150米,蓝色港湾购物中心北区,购物服务;商场;购物中心,60101,116.2719603,39.91223595
612,北京市,北京市,海淀区,远大路1号,世纪金源购物中心西区,购物服务;商场;购物中心,60101,116.2805999,39.95732005
613,北京市,北京市,海淀区,西小口路文龙家园2里1号楼底商,印友源商贸中心,购物服务;商场;商场,60100,116.3440188,40.04642037
614,北京市,北京市,海淀区,复兴路69号,卓展购物中心南区,购物服务;商场;购物中心,60101,116.2705449,39.91144841
615,北京市,北京市,海淀区,"颐和园路208号L1-45,46,47号商铺",龙湖星悦荟(北京西苑店),购物服务;商场;普通商场,60102,116.2835226,39.99713253
616,北京市,北京市,海淀区,上地三街9号金隅嘉华大厦B座8层802,嘉农在线,购物服务;商场;商场,60100,116.3028951,40.03522877
617,北京市,北京市,门头沟区,城子大街56号,雨润发购物广场,购物服务;商场;普通商场,60102,116.0945627,39.94628739
618,北京市,北京市,门头沟区,永定镇冯村冯石环路六号院2号楼,华润置地发展(北京)有限公司(门头沟PLUS365购物中心),购物服务;商场;购物中心,60101,116.1040244,39.90996574
619,北京市,北京市,门头沟区,冯石环路6号院3号楼,门头沟Plus365购物中心(门头沟店),购物服务;商场;购物中心,60101,116.1040064,39.90991373
620,北京市,北京市,门头沟区,新桥大街57号(门头沟区政府对面),国泰百货(门头沟店),购物服务;商场;普通商场,60102,116.0946408,39.9384967
621,北京市,北京市,门头沟区,双峪路35号熙旺中心大厦5层,永兴奥特莱斯购物广场,购物服务;商场;普通商场,60102,116.1066344,39.93417219
622,北京市,北京市,门头沟区,永兴小区,永兴嘉园商城,购物服务;商场;普通商场,60102,116.1068665,39.91222022
623,北京市,北京市,门头沟区,双峪路5-2号,奥新天地商城(双峪路),购物服务;商场;普通商场,60102,116.101795,39.93386474
624,北京市,北京市,门头沟区,增峪路19号,金春时代商场,购物服务;商场;普通商场,60102,116.0830787,39.93787941
625,北京市,北京市,门头沟区,新桥大街84-2号,京力港商城,购物服务;商场;普通商场|购物服务;服装鞋帽皮具店;服装鞋帽皮具店,060102|061100,116.0981655,39.93612044
626,北京市,北京市,门头沟区,东辛房东街与增产路交叉口西北50米,金喜时代商场,购物服务;商场;普通商场,60102,116.0834946,39.93803224
627,北京市,北京市,门头沟区,冯石环路6号Plus365购物中心F1,UNDER ARMOUR特卖区,购物服务;商场;商场,60100,116.1041476,39.90970481
628,北京市,北京市,房山区,悦盛路6号院,首创奥特莱斯(华北旗舰店),购物服务;商场;购物中心,60101,116.180854,39.76239345
629,北京市,北京市,房山区,大窦路与房窑路交叉口东北100米,泰和百货,购物服务;商场;商场,60100,116.0621276,39.64695807
630,北京市,北京市,房山区,天星街1号院7号楼,绿地缤纷城,购物服务;商场;购物中心|购物服务;商场;普通商场,060101|060102,116.1547101,39.75516195
631,北京市,北京市,房山区,良官公路东侧,恒大国际广场,购物服务;商场;普通商场|商务住宅;商务住宅相关;商务住宅相关,060102|120000,116.147366,39.71655042
632,北京市,北京市,房山区,长虹东路27号,良乡大学城购物中心,购物服务;商场;购物中心,60101,116.1519596,39.72242178
633,北京市,北京市,房山区,长阳镇长政南街1号院1号楼(长阳地铁),京投港·长阳购物中心,购物服务;商场;购物中心,60101,116.2072107,39.76212636
634,北京市,北京市,房山区,拱辰南大街123号,国泰良辰百货,购物服务;商场;购物中心,60101,116.1353391,39.72738937
635,北京市,北京市,房山区,贾史公路北50米,圣莲山景区商贸中心,购物服务;商场;普通商场,60102,115.7162173,39.83217423
636,北京市,北京市,房山区,城关街道南大街125号,女人街商场,购物服务;商场;普通商场,60102,115.9778192,39.69577634
637,北京市,北京市,房山区,岗南路23号,蓝腾购物中心,购物服务;商场;购物中心,60101,115.9551808,39.72540298
638,北京市,北京市,房山区,大窦路甲8号附近,华冠天地,购物服务;商场;普通商场,60102,116.0631063,39.64773863
639,北京市,北京市,房山区,长阳镇昊天北大街48号,华冠天地(长阳店),购物服务;商场;购物中心,60101,116.162841,39.77005047
640,北京市,北京市,房山区,良乡拱辰南大街6号,国泰百货(良乡店),购物服务;商场;普通商场|购物服务;超级市场;超市,060102|060400,116.136625,39.72915012
641,北京市,北京市,房山区,房易路附近,京南商贸城,购物服务;商场;普通商场,60102,115.8902001,39.57017565
642,北京市,北京市,房山区,良乡拱辰南大街153号,客赛思百货,购物服务;商场;普通商场,60102,116.135494,39.73117514
643,北京市,北京市,房山区,窦店镇于庄五区60号,宏鑫商城,购物服务;商场;普通商场,60102,116.0640899,39.67329986
644,北京市,北京市,房山区,广阳新路9号院,半岛购物中心,购物服务;商场;购物中心,60101,116.2046698,39.75229813
645,北京市,北京市,房山区,北大寺商业楼1号,乾宝阁商贸中心,购物服务;商场;普通商场,60102,115.979102,39.70347243
646,北京市,北京市,房山区,西潞大街1号,中大瑞祥,购物服务;商场;普通商场,60102,116.129276,39.72918542
647,北京市,北京市,房山区,拱辰街道良乡镇拱辰大街78号,房山商业大楼良乡商场(北关东路),购物服务;商场;普通商场,60102,116.1362684,39.73505485
648,北京市,北京市,房山区,长阳镇回话水郡西区商业广场6号,加州水郡商业广场,购物服务;商场;购物中心,60101,116.1601749,39.7670468
649,北京市,北京市,房山区,良三路,世纪华联购物中心(北四位店),购物服务;商场;购物中心|购物服务;超级市场;超市,060101|060400,116.0611422,39.80977882
650,北京市,北京市,房山区,向阳街道拱辰大街38号,美奥美购物中心,购物服务;商场;购物中心,60101,116.1361733,39.73354089
651,北京市,北京市,房山区,城关南街F1层,华冠(华冠天地城关店),购物服务;商场;购物中心,60101,115.9775475,39.70106236
652,北京市,北京市,房山区,城关街道城关南大街5号,大华商场(悦来巷小区北),购物服务;商场;普通商场,60102,115.9778946,39.69889166
653,北京市,北京市,房山区,燕山,迎风商场,购物服务;商场;普通商场,60102,115.9503646,39.72965486
654,北京市,北京市,房山区,长阳镇回话水郡西区商业广场6号,加州水郡文化广场,购物服务;商场;普通商场,60102,116.1595301,39.76669764
655,北京市,北京市,房山区,北关西路14号,华冠购物中心,购物服务;商场;购物中心,60101,116.1331,39.73369327
656,北京市,北京市,房山区,南关大街15号,鑫特隆商场,购物服务;商场;普通商场,60102,115.9777312,39.69827823
657,北京市,北京市,房山区,拱辰南大街1号,大角生活广场,购物服务;商场;普通商场,60102,116.1354923,39.72853946
658,北京市,北京市,房山区,长阳路与长泽南街交汇处,中粮·万科半岛广场,购物服务;商场;购物中心,60101,116.2046968,39.75230916
659,北京市,北京市,房山区,兴房大街38号华冠欢乐城F1-F2层,华冠(华冠欢乐城),购物服务;商场;购物中心,60101,115.9814217,39.69191423
660,北京市,北京市,房山区,紫燕中路5号,燕鹏商厦,购物服务;商场;商场,60100,116.0563668,39.70987029
661,北京市,北京市,房山区,长周路1号,博圣广场,购物服务;商场;购物中心,60101,116.2039345,39.80698316
662,北京市,北京市,房山区,拱辰北大街,龙湖北京房山天街,购物服务;商场;购物中心,60101,116.1344409,39.74417503
663,北京市,北京市,房山区,京周路与兴房大街交叉口东北100米,宏联日杂,购物服务;商场;普通商场,60102,115.9845417,39.69620723
664,北京市,北京市,房山区,良乡西潞南大街甲1号,绿缘商城,购物服务;商场;普通商场,60102,116.1304766,39.72927706
665,北京市,北京市,房山区,长阳镇碧桂园3号商业楼,38号广场,购物服务;商场;购物中心,60101,116.1615752,39.75618051
666,北京市,北京市,房山区,翠柳大街与规划十路交叉口西北150米,博金商业,购物服务;商场;商场,60100,116.1167395,39.72030279
667,北京市,北京市,房山区,右堤路,加州生活广场,购物服务;商场;商场,60100,116.2054538,39.66818072
668,北京市,北京市,房山区,昊天大街与松园西路交叉口西北200米加州水郡生活广场,加州水郡红木文玩广场,购物服务;商场;商场,60100,116.1590748,39.76645182
669,北京市,北京市,通州区,宋庄镇京榆旧线,谷德玛特购物广场,购物服务;商场;购物中心,60101,116.7230661,39.94286407
670,北京市,北京市,通州区,新华西街58号,万达广场(通州店),购物服务;商场;购物中心,60101,116.6345873,39.90426029
671,北京市,北京市,通州区,梨园云景东路8号时尚街区东区淘宝城B1层,And淘宝城,购物服务;商场;普通商场|购物服务;服装鞋帽皮具店;服装鞋帽皮具店,060102|061100,116.6625462,39.88215056
672,北京市,北京市,通州区,北苑南路翠屏北里21号楼,京通罗斯福广场,购物服务;商场;购物中心,60101,116.6526971,39.88789594
673,北京市,北京市,通州区,马桥北街与马驹桥中学路交叉口东北100米,百尚购物中心,购物服务;商场;购物中心,60101,116.549381,39.75953979
674,北京市,北京市,通州区,嘉创路与011县道交叉口北150米,次渠购物中心,购物服务;商场;普通商场,60102,116.5640312,39.80301434
675,北京市,北京市,通州区,新华西街58号1号楼万达百货珠宝专营店一层,万达百货(通州万达店),购物服务;商场;购物中心,60101,116.6353425,39.9047411
676,北京市,北京市,通州区,新海东路1号,豪润广场,购物服务;商场;普通商场,60102,116.5397346,39.75901751
677,北京市,北京市,通州区,马桥北街附近,百分百购物中心(马团路西段),购物服务;商场;普通商场,60102,116.5478323,39.76137573
678,北京市,北京市,通州区,云景南大街与玉桥西路南延交叉口东北150米,梨园农产品·服装百货购物中心,购物服务;商场;普通商场|购物服务;综合市场;农副产品市场,060102|060703,116.667071,39.87659913
679,北京市,北京市,通州区,新华东街116号,人民购物中心,购物服务;商场;购物中心,60101,116.665018,39.90724964
680,北京市,北京市,通州区,新华南一街与通惠南路交叉口西北100米,西门金街B区,购物服务;商场;普通商场,60102,116.6376351,39.90463847
681,北京市,北京市,通州区,新华西街万方大厦B座1420室,京杭广场,购物服务;商场;普通商场,60102,116.6522519,39.90761786
682,北京市,北京市,通州区,翠屏西路2号,苏荷时代商业广场,购物服务;商场;普通商场,60102,116.6385974,39.89055556
683,北京市,北京市,通州区,翠屏西路2号,苏荷奥特莱斯,购物服务;商场;普通商场,60102,116.6386114,39.89051554
684,北京市,北京市,通州区,八里桥南街1-1号,国泰百货(通州店),购物服务;商场;普通商场,60102,116.6291851,39.90579517
685,北京市,北京市,通州区,漷县镇觅子店103国道1号,北京金三角商城,购物服务;商场;普通商场,60102,116.8783477,39.71452052
686,北京市,北京市,通州区,砖厂南里40号,华远·好天地D座,购物服务;商场;购物中心,60101,116.6901999,39.86926083
687,北京市,北京市,通州区,马驹桥兴华中街潼关三区9号楼,百尚生活广场,购物服务;商场;普通商场,60102,116.5390807,39.75190083
688,北京市,北京市,通州区,潞西路98号附近,百发隆购物中心,购物服务;商场;购物中心,60101,116.5730126,39.80159373
689,北京市,北京市,通州区,杨庄北里天时名苑14号楼,华联购物中心(天时名苑店),购物服务;商场;购物中心,60101,116.6304477,39.90273052
690,北京市,北京市,通州区,九棵树西路48号,阳光新生活广场(通州店),购物服务;商场;购物中心,60101,116.6504401,39.88861206
691,北京市,北京市,通州区,新华西街万达广场A座B1层,七夕商城,购物服务;商场;普通商场,60102,116.6332394,39.90417535
692,北京市,北京市,通州区,马驹桥镇商业街中路1号,金马商场(兴华中街),购物服务;商场;普通商场,60102,116.5504396,39.75752792
693,北京市,北京市,通州区,梨园镇云景东路1号,贵友大厦,购物服务;商场;普通商场,60102,116.6606056,39.88313123
694,北京市,北京市,通州区,新华西街54号,西门运动休闲城,购物服务;商场;普通商场|购物服务;体育用品店;体育用品店,060102|060900,116.6390825,39.9051501
695,北京市,北京市,通州区,新华大街万达广场西门,西门金街A区,购物服务;商场;普通商场|购物服务;特色商业街;特色商业街,060102|061000,116.6322087,39.90431988
696,北京市,北京市,通州区,[],永安购物广场,购物服务;商场;普通商场,60102,116.6813842,39.87139232
697,北京市,北京市,通州区,宝佳路大豆村集贸市场南,家家福购物中心(大豆店),购物服务;商场;购物中心|购物服务;超级市场;超市,060101|060400,116.7900848,39.84935343
698,北京市,北京市,通州区,新华大街北苑1号,北京通州万达百货有限公司,购物服务;商场;购物中心,60101,116.6366234,39.90478608
699,北京市,北京市,通州区,新华大街171号,阳光起跑线(西门店),购物服务;商场;普通商场|购物服务;服装鞋帽皮具店;服装鞋帽皮具店,060102|061100,116.6394465,39.90599846
700,北京市,北京市,通州区,通朝大街203号,永湖商业广场,购物服务;商场;普通商场,60102,116.6370131,39.89202004
701,北京市,北京市,通州区,通胡大街甲3号北京华联武夷购物中心(通胡大街店)B1层,BHG Mall北京华联武夷购物中心(通胡大街店),购物服务;商场;购物中心,60101,116.6941678,39.91750398
702,北京市,北京市,通州区,次渠定海园一里,新城商厦,购物服务;商场;普通商场,60102,116.5599196,39.79801232
703,北京市,北京市,通州区,新华南路62-64号附近,华融和生国际商业广场,购物服务;商场;商场,60100,116.6525418,39.90159259
704,北京市,北京市,通州区,马驹桥潼关三区4号楼,金典国际百货商城,购物服务;商场;普通商场,60102,116.5394716,39.75300857
705,北京市,北京市,通州区,台湖镇潞西路美达大厦,美达商场,购物服务;商场;普通商场,60102,116.5650237,39.80159065
706,北京市,北京市,通州区,[],世纪金龙购物广场,购物服务;商场;普通商场|购物服务;超级市场;超市,060102|060400,116.8091678,39.853795
707,北京市,北京市,通州区,怡乐中路299号,下沉商业广场,购物服务;商场;商场,60100,116.6287877,39.8824998
708,北京市,北京市,通州区,新华大街256号,利华诚信商业大厦,购物服务;商场;商场,60100,116.6383972,39.90508922
709,北京市,北京市,通州区,漷县镇漷县镇政府丁字路口红绿灯东南160米(103国道东)德邦物流股份有限公司,漷县长凌营商业广场,购物服务;商场;商场,60100,116.7905914,39.77857644
710,北京市,北京市,通州区,中关村科技园区光机电一体化产业基地26号,富诺登生活广场,购物服务;商场;普通商场,60102,116.5433449,39.81737906
711,北京市,北京市,通州区,徐宋路4号,小堡商业广场,购物服务;商场;商场,60100,116.7167616,39.94733557
712,北京市,北京市,通州区,北五村小区外环路与西后街交叉口东北100米,百尚商业广场,购物服务;商场;商场,60100,116.5428402,39.76303668
713,北京市,北京市,通州区,翠景北里21号楼罗斯福广场4层,起跑线商城,购物服务;商场;普通商场,60102,116.6526632,39.887929
714,北京市,北京市,通州区,云景东路一号贵友商场一层周大福珠宝专营店,贵友百货(通州店),购物服务;商场;普通商场,60102,116.6604211,39.88303759
715,北京市,北京市,顺义区,安泰大街,中粮·祥云小镇(南区),购物服务;商场;购物中心,60101,116.5321243,40.08580558
716,北京市,北京市,顺义区,新顺北大街16号国泰青春馆1层,国泰青春馆,购物服务;商场;普通商场,60102,116.6462825,40.12966459
717,北京市,北京市,顺义区,义宾街与站前北街交叉口北150米,国泰谊宾商城,购物服务;商场;普通商场,60102,116.640534,40.13197927
718,北京市,北京市,顺义区,安祥大街西段,中粮·祥云小镇,购物服务;商场;购物中心,60101,116.5299564,40.08808512
719,北京市,北京市,顺义区,富民南街9号,立平副食百货购物中心,购物服务;商场;购物中心,60101,116.4883139,40.24259356
720,北京市,北京市,顺义区,杨镇三街(杨镇晚霞公寓北),隆华购物中心(杨镇分店),购物服务;商场;购物中心|购物服务;商场;普通商场,060101|060102,116.8167247,40.15176695
721,北京市,北京市,顺义区,牛栏山牛板路9号,隆华购物中心(牛栏山店),购物服务;商场;购物中心,60101,116.6499605,40.21124098
722,北京市,北京市,顺义区,天竺镇裕翔路99号,欧陆时尚购物中心,购物服务;商场;购物中心,60101,116.5416724,40.06582449
723,北京市,北京市,顺义区,花园石门苑甲13号,国泰宏城购物广场,购物服务;商场;购物中心,60101,116.6286798,40.1286658
724,北京市,北京市,顺义区,新顺南大街18号(隆华商场对面),新世界百货(新顺南大街千姿店),购物服务;商场;购物中心,60101,116.6461903,40.12547314
725,北京市,北京市,顺义区,双兴东区21号,鑫海韵通大卖场(双兴店),购物服务;商场;普通商场,60102,116.651131,40.14158566
726,北京市,北京市,顺义区,集汇大街28号鑫海韵通大卖场F2层,鑫海韵通大卖场(石园店),购物服务;商场;普通商场,60102,116.6548379,40.10827482
727,北京市,北京市,顺义区,庙台西街与龙林路交叉口西北100米,世纪华联购物中心(龙林路店),购物服务;商场;普通商场,60102,116.8567355,40.22290781
728,北京市,北京市,顺义区,新顺南大街11号隆华购物中心2层,隆华购物中心(站前街),购物服务;商场;购物中心,60101,116.6445186,40.12545108
729,北京市,北京市,顺义区,站前街1号,上街购物广场,购物服务;商场;普通商场,60102,116.6429507,40.12565477
730,北京市,北京市,顺义区,站前北街五百合窗帘批发旁,伊依贝特服装商城,购物服务;商场;普通商场,60102,116.6410875,40.13310324
731,北京市,北京市,顺义区,高白路,丽人商场(幸福街),购物服务;商场;普通商场,60102,116.4960276,40.16788568
732,北京市,北京市,顺义区,首都国际机场中心广场东侧3号航站楼E区F2层,日上免税店(3号航站楼E区),购物服务;商场;免税品店,60103,116.6057931,40.07462226
733,北京市,北京市,顺义区,金汉绿港家园一区9号楼,京汉生活广场,购物服务;商场;普通商场|商务住宅;楼宇;商务写字楼,060102|120201,116.6576698,40.1337152
734,北京市,北京市,顺义区,南彩镇后俸伯东,隆华购物中心,购物服务;商场;购物中心,60101,116.7103951,40.13295286
735,北京市,北京市,顺义区,任李路33号,隆华购物中心(沿河店),购物服务;商场;商场|购物服务;超级市场;超市,060100|060400,116.7105216,40.03955543
736,北京市,北京市,顺义区,赵全营,便民购物中心,购物服务;商场;购物中心|购物服务;便民商店/便利店;便民商店/便利店,060101|060200,116.5450529,40.19581287
737,北京市,北京市,顺义区,首都国际机场中心广场东侧3号航站楼C区2F层,日上免税店(3号航站楼C区),购物服务;商场;免税品店,60103,116.6088111,40.05520048
738,北京市,北京市,顺义区,新顺南大街8号华联购物中心南区B1层,华联购物中心(站前街),购物服务;商场;购物中心|购物服务;超级市场;超市,060101|060400,116.646576,40.12708331
739,北京市,北京市,顺义区,后沙峪镇双峪街45号1幢1-3层,枫尚奥特莱斯,购物服务;商场;购物中心,60101,116.5365418,40.10415257
740,北京市,北京市,顺义区,府前西街1号,鑫海韵通百货(北京顺义西单商场店),购物服务;商场;普通商场,60102,116.6446189,40.12951953
741,北京市,北京市,顺义区,新顺南大街2号,国泰广场,购物服务;商场;购物中心,60101,116.6460872,40.12846704
742,北京市,北京市,顺义区,前俸伯三街195号,俸伯购物中心(永诚店),购物服务;商场;普通商场,60102,116.6958372,40.12872771
743,北京市,北京市,顺义区,仁和镇贯通路东侧18号,隆华奥特莱斯购物广场,购物服务;商场;购物中心,60101,116.6363537,40.1274395
744,北京市,北京市,顺义区,北小营,隆华购物中心(西府分店),购物服务;商场;购物中心,60101,116.758814,40.19408425
745,北京市,北京市,顺义区,林荫路与花园五街交叉口,温榆广场,购物服务;商场;购物中心|购物服务;商场;普通商场,060101|060102,116.556335,40.04866942
746,北京市,北京市,顺义区,南平街甲1号,国泰生活广场(机场店),购物服务;商场;普通商场,60102,116.5970617,40.04541566
747,北京市,北京市,顺义区,高丽营镇高白路,隆华购物中心(高丽营店),购物服务;商场;购物中心|购物服务;超级市场;超市,060101|060400,116.4951543,40.16811905
748,北京市,北京市,顺义区,后沙峪裕华路24号,朗姿女装购物广场,购物服务;商场;购物中心,60101,116.5475719,40.09726616
749,北京市,北京市,顺义区,大孙各庄,鑫起购物中心,购物服务;商场;普通商场,60102,116.8811364,40.05548036
750,北京市,北京市,顺义区,北小营,隆华购物中心(东府分店),购物服务;商场;购物中心,60101,116.7641348,40.19504047
751,北京市,北京市,顺义区,石门街与顺西路交汇处(15号线石门站西南出口),聚乐汇,购物服务;商场;购物中心,60101,116.6346287,40.12816013
752,北京市,北京市,顺义区,杜石路85,华福万家,购物服务;商场;商场,60100,116.8478549,40.15132799
753,北京市,北京市,顺义区,古城村东大街二巷顺诚昌隆超市西,家乐福美购物中心(古城店),购物服务;商场;购物中心,60101,116.4896869,40.1005103
754,北京市,北京市,顺义区,仁和新顺南大街18号楼,博联时代商业广场,购物服务;商场;普通商场,60102,116.6457385,40.12497898
755,北京市,北京市,顺义区,118乡道北50米,隆华超市(118乡道),购物服务;商场;购物中心|购物服务;便民商店/便利店;便民商店/便利店,060101|060200,116.6340559,40.20176231
756,北京市,北京市,顺义区,202乡道北150米,万盟汇达仓储购物中心,购物服务;商场;购物中心,60101,116.7278653,40.19852296
757,北京市,北京市,顺义区,裕翔路99号,欧陆广场,购物服务;商场;购物中心,60101,116.5417666,40.06607267
758,北京市,北京市,顺义区,府源西路与202乡道交叉口东200米,家庭号购物中心,购物服务;商场;购物中心|购物服务;超级市场;超市,060101|060400,116.7629292,40.19522059
759,北京市,北京市,顺义区,府前中街11号,北京市燕泽洲商城(顺义店),购物服务;商场;普通商场,60102,116.6469498,40.12912445
760,北京市,北京市,顺义区,顺恒大街19号附近,鲁能美丽汇,购物服务;商场;普通商场,60102,116.6450258,40.17800448
761,北京市,北京市,顺义区,首都国际机场中心广场东侧3号航站楼C区2F层,日上免税行(3号航站楼C区),购物服务;商场;免税品店,60103,116.6089789,40.05551934
762,北京市,北京市,顺义区,首都国际机场中心广场东侧3号航站楼E区F2层,DUTY EREE(3号航站楼E区),购物服务;商场;免税品店,60103,116.6068488,40.0762695
763,北京市,北京市,顺义区,首都国际机场中心广场东侧3号航站楼E区F2层,日上免税行(3号航站楼E区),购物服务;商场;免税品店,60103,116.604744,40.07646175
764,北京市,北京市,顺义区,后沙峪村中心街与025县道交叉口西北100米,OUTLETS,购物服务;商场;商场,60100,116.5371175,40.10394789
765,北京市,北京市,顺义区,康庄大街43号,隆华购物中心(四海鑫发便利店),购物服务;商场;购物中心,60101,116.5602125,40.20519022
766,北京市,北京市,顺义区,X201(任李路),庄胜崇光百货,购物服务;商场;购物中心,60101,116.6732008,40.03520545
767,北京市,北京市,顺义区,首都机场南平街甲1号国泰生活广场机场店F1,Aape特卖区,购物服务;商场;商场,60100,116.5971157,40.04548664
768,北京市,北京市,顺义区,同心路与庄子营路交叉口旁,世纪金龙购物中心,购物服务;商场;购物中心,60101,116.6492566,40.06444624
769,北京市,北京市,顺义区,保汇一街8幢1层,帕希姆国际机场(保税店),购物服务;商场;免税品店,60103,116.5905303,40.109249
770,北京市,北京市,昌平区,府学路1-2号,唐人世纪,购物服务;商场;普通商场,60102,116.2550971,40.22147613
771,北京市,北京市,昌平区,陈庄村,八达岭奥特莱斯,购物服务;商场;购物中心,60101,116.1637068,40.23323078
772,北京市,北京市,昌平区,南丰路与百沙路交汇处,隆兴购物广场,购物服务;商场;购物中心,60101,116.2824071,40.14914173
773,北京市,北京市,昌平区,北清路1号楼1号院,永旺(国际商城店),购物服务;商场;购物中心,60101,116.2834773,40.09503612
774,北京市,北京市,昌平区,旧西路,乐多港奥特莱斯购物中心,购物服务;商场;购物中心,60101,116.1839837,40.22857768
775,北京市,北京市,昌平区,城南街道邓庄村西(西关环岛西2公里),乐多港假日广场,购物服务;商场;购物中心,60101,116.1838811,40.23140102
776,北京市,北京市,昌平区,立汤路186号,翠微百货(龙德店),购物服务;商场;普通商场,60102,116.409973,40.05924136
777,北京市,北京市,昌平区,黄平路19号,龙旗购物中心,购物服务;商场;购物中心,60101,116.3411864,40.06565323
778,北京市,北京市,昌平区,鼓楼南大街17号,新世纪商城,购物服务;商场;普通商场,60102,116.2269747,40.21780533
779,北京市,北京市,昌平区,北七家,宏福亿发购物中心,购物服务;商场;普通商场,60102,116.358172,40.1153572
780,北京市,北京市,昌平区,沙河镇巩华大街70号,新世纪商城(朝宗桥商场),购物服务;商场;商场,60100,116.2618741,40.12560023
781,北京市,北京市,昌平区,南口镇南大街5号,新世纪商城(星城商场店),购物服务;商场;普通商场,60102,116.1264514,40.23344985
782,北京市,北京市,昌平区,西三旗太平庄北街与文博路交汇处南,三旗百汇商品城,购物服务;商场;购物中心,60101,116.3362109,40.06056355
783,北京市,北京市,昌平区,回龙观西大街龙冠商务中心B座1-4层,上品折扣(回龙观店),购物服务;商场;普通商场,60102,116.3285451,40.07777087
784,北京市,北京市,昌平区,回龙观三合庄园9号楼北侧(近回龙观小区),庄盛奥特莱斯,购物服务;商场;普通商场,60102,116.3135539,40.0822273
785,北京市,北京市,昌平区,大赴路与赴沟路交叉口北100米,家和购物中心,购物服务;商场;购物中心,60101,116.4367204,40.17067671
786,北京市,北京市,昌平区,东小口镇天通苑5区商业楼,西单商场(天通苑店),购物服务;商场;普通商场,60102,116.4082699,40.06534202
787,北京市,北京市,昌平区,霍营村西,新世纪商城(新晨商场店)(暂停营业),购物服务;商场;普通商场,60102,116.361384,40.07376491
788,北京市,北京市,昌平区,东三旗路BHGMall北京华联天通苑购物中心(太平兴园店)B1层,北京华联时尚百货(天通中苑店),购物服务;商场;购物中心,60101,116.4087108,40.06891104
789,北京市,北京市,昌平区,府学路16号,金五星商城,购物服务;商场;普通商场,60102,116.2477201,40.21970767
790,北京市,北京市,昌平区,立汤路186号,龙德广场,购物服务;商场;购物中心,60101,116.4092896,40.05835801
791,北京市,北京市,昌平区,立汤路58号B-02附近,宝迪商业中心,购物服务;商场;购物中心,60101,116.4067223,40.11604456
792,北京市,北京市,昌平区,北店时代广场B座1-3层(近北店时代购物广场),万意百货(回龙观店),购物服务;商场;普通商场,60102,116.328525,40.07868485
793,北京市,北京市,昌平区,天通苑西3区18号楼,天通尾货,购物服务;商场;普通商场,60102,116.4031568,40.07327138
794,北京市,北京市,昌平区,立汤路188号,明珠百货(万意奥特莱斯东),购物服务;商场;普通商场,60102,116.4089236,40.05570695
796,北京市,北京市,昌平区,回龙观西大街19号,北店时代广场,购物服务;商场;购物中心,60101,116.3299746,40.07903107
797,北京市,北京市,昌平区,回龙观北店时代广场C座1-3层,宜尚商场,购物服务;商场;普通商场,60102,116.330283,40.0788155
798,北京市,北京市,昌平区,东小口镇天通苑东苑东三区2号楼,国泰百货(天通苑店),购物服务;商场;普通商场,60102,116.429592,40.0716421
799,北京市,北京市,昌平区,顺沙路十字路口东南角,新世纪商城(汤山百货),购物服务;超级市场;超市|购物服务;商场;商场,060400|060100,116.38537,40.17606443
800,北京市,北京市,昌平区,东小口立水桥佳运园小区26号楼,佳运广场,购物服务;商场;购物中心,60101,116.3977646,40.04558403
801,北京市,北京市,昌平区,回龙观西大街111号,华联商厦(回龙观店),购物服务;商场;购物中心,60101,116.3132645,40.07520832
802,北京市,北京市,昌平区,回龙观育知东路30号院5号楼,BHG Mall北京华联同成街购物中心,购物服务;商场;购物中心,60101,116.3314254,40.07080386
803,北京市,北京市,昌平区,建材城西路22号,百汇商城(金燕龙办公楼北),购物服务;商场;普通商场,60102,116.3373863,40.06095637
804,北京市,北京市,昌平区,回龙观西大街111号华联商厦1-3层,北京华联购物中心(回龙观店),购物服务;商场;购物中心,60101,116.3131099,40.07465865
805,北京市,北京市,昌平区,[],回龙尾货,购物服务;商场;普通商场,60102,116.3241324,40.0766964
806,北京市,北京市,昌平区,鼓楼西大街1号,北京新昌百商场,购物服务;商场;普通商场,60102,116.227009,40.22331646
807,北京市,北京市,昌平区,鼓楼南大街4号,佳莲·时代广场(购物中心),购物服务;商场;购物中心,60101,116.2281704,40.22227131
808,北京市,北京市,昌平区,棉辛路北50米,亿客发购物中心,购物服务;商场;购物中心,60101,116.336218,40.20078891
809,北京市,北京市,昌平区,三旗百汇商城物美超市2层,天阳亲子广场(西三旗店),购物服务;商场;购物中心,60101,116.3402858,40.06206405
810,北京市,北京市,昌平区,沙河镇于辛庄,亿旺生活超市(青年创业大厦D座南),购物服务;商场;普通商场|购物服务;超级市场;超市,060102|060400,116.2852362,40.14536921
811,北京市,北京市,昌平区,中滩村北一街与立汤路交叉口东150米,纸老虎文化休闲MALL,购物服务;商场;普通商场,60102,116.4084758,40.0591635
812,北京市,北京市,昌平区,北清路1号院7,时尚谷,购物服务;商场;普通商场,60102,116.2827621,40.09748291
813,北京市,北京市,昌平区,定泗路南50米,白各庄商业中心,购物服务;商场;普通商场,60102,116.3523964,40.11462787
814,北京市,北京市,昌平区,染靛坑胡同与鼓楼南街交叉口东150米,四海金龙服装百货,购物服务;商场;普通商场,60102,116.2288414,40.21982307
815,北京市,北京市,昌平区,东小口镇立汤路186号,龙德紫金商场,购物服务;商场;普通商场,60102,116.408903,40.06024668
816,北京市,北京市,昌平区,工商街78号附近,朝宗桥商场,购物服务;商场;普通商场,60102,116.26209,40.12570507
817,北京市,北京市,昌平区,府学路29号,阳光商厦(燕平路),购物服务;商场;购物中心,60101,116.2379567,40.2202294
818,北京市,北京市,昌平区,府学路甲24号,国泰百货(昌平店),购物服务;商场;普通商场,60102,116.2377337,40.21927351
819,北京市,北京市,昌平区,东北路与立汤路交叉口东南100米,妻泰隆鞋服城,购物服务;商场;商场,60100,116.4031239,40.12659024
820,北京市,北京市,昌平区,神牛路东100米,新世纪商城(马池口店),购物服务;商场;普通商场,60102,116.1631616,40.18387123
821,北京市,北京市,昌平区,昌崔路203号,菓岭假日广场,购物服务;商场;购物中心,60101,116.2588777,40.22100527
822,北京市,北京市,昌平区,北七家镇平西府街55号宏福创业园8号,温都水城文化广场,购物服务;商场;购物中心,60101,116.3652341,40.10567373
823,北京市,北京市,昌平区,文华路89号院1,禧乐汇(马连店),购物服务;商场;购物中心,60101,116.3367473,40.08720983
824,北京市,北京市,昌平区,水屯批发市场百货二厅,北京艳萍超发商贸中心,购物服务;商场;购物中心,60101,116.2223376,40.19645134
825,北京市,北京市,昌平区,东环路2号,环北商贸中心,购物服务;商场;普通商场,60102,116.2336598,40.22815888
826,北京市,北京市,昌平区,回龙观建材城西路87号2B首层,丹迪兰儿童世界主题商场,购物服务;专卖店;儿童用品店|购物服务;商场;商场,061207|060100,116.3234017,40.0557891
827,北京市,北京市,昌平区,天通中苑F区F3a座京妮儿童汇1楼,京妮儿童汇(天通苑店),购物服务;商场;普通商场|购物服务;专卖店;儿童用品店,060102|061207,116.4093905,40.06734253
828,北京市,北京市,昌平区,昌平路76号,华夏商城,购物服务;商场;普通商场,60102,116.2392553,40.16596917
829,北京市,北京市,昌平区,沙河镇巩华大街西侧28号,鑫之星购物中心,购物服务;商场;购物中心,60101,116.2619914,40.12322237
830,北京市,北京市,昌平区,京藏高速公路珠江摩尔国际大厦6号楼,珠江·摩尔时尚谷,购物服务;商场;普通商场,60102,116.2836168,40.09731476
831,北京市,北京市,昌平区,西环路26号楼附近,小百智库,购物服务;商场;普通商场,60102,116.2210847,40.2218205
832,北京市,北京市,昌平区,回龙观西大街18号港龙商业中心,港龙商业中心2段,购物服务;商场;购物中心,60101,116.326011,40.07725476
833,北京市,北京市,昌平区,政府街11号,时尚米蘭,购物服务;商场;商场,60100,116.2288484,40.2197071
834,北京市,北京市,昌平区,立汤路188号,炫彩世,购物服务;商场;商场,60100,116.4091368,40.05549609
835,北京市,北京市,昌平区,鼓楼西街9-10号附近,润康家园社区购物中心,购物服务;商场;购物中心,60101,116.2234568,40.22306712
836,北京市,北京市,昌平区,回龙观东大街338号院附近,乐物汇,购物服务;商场;普通商场,60102,116.3403146,40.07870294
837,北京市,北京市,昌平区,东环路与南环路交叉口西南100米,悦荟万科,购物服务;商场;普通商场|购物服务;商场;购物中心,060102|060101,116.233822,40.21124666
838,北京市,北京市,昌平区,东小口安立路188号北方明珠大厦,亚奥海龙,购物服务;商场;购物中心,60101,116.4086974,40.05651778
839,北京市,北京市,昌平区,[],新世界商城(2店),购物服务;商场;普通商场,60102,116.4624113,40.11246018
840,北京市,北京市,昌平区,太平庄北街与文博路交叉口东南50米,百汇购物中心,购物服务;商场;普通商场,60102,116.3367166,40.06199654
841,北京市,北京市,昌平区,估依市胡同与鼓楼南街交叉口东50米,佳莲时代广场A座,购物服务;商场;购物中心,60101,116.227805,40.22230809
842,北京市,北京市,昌平区,龙禧二街5号附近,庄盛奥特莱斯购物中心,购物服务;商场;购物中心,60101,116.3137954,40.08211185
843,北京市,北京市,昌平区,回龙观西大街18号港龙商业中心,港龙商业中心2段,购物服务;商场;购物中心,60101,116.326011,40.07725476
844,北京市,北京市,昌平区,政府街11号,时尚米蘭,购物服务;商场;商场,60100,116.2288484,40.2197071
845,北京市,北京市,昌平区,政府街四海金龙服装百货内,马哥男装,购物服务;商场;商场,60100,116.2289576,40.21969716
846,北京市,北京市,昌平区,立汤路188号,炫彩世,购物服务;商场;商场,60100,116.4091368,40.05549609
847,北京市,北京市,昌平区,政府街四海金龙服饰百货U1092号,大海大妈女装,购物服务;商场;商场,60100,116.2294191,40.21948743
848,北京市,北京市,昌平区,鼓楼西街9-10号附近,润康家园社区购物中心,购物服务;商场;购物中心,60101,116.2234568,40.22306712
849,北京市,北京市,昌平区,回龙观东大街338号院附近,乐物汇,购物服务;商场;普通商场,60102,116.3403146,40.07870294
850,北京市,北京市,昌平区,东环路与南环路交叉口西南100米,悦荟万科,购物服务;商场;普通商场|购物服务;商场;购物中心,060102|060101,116.233822,40.21124666
851,北京市,北京市,昌平区,东小口安立路188号北方明珠大厦,亚奥海龙,购物服务;商场;购物中心,60101,116.4086974,40.05651778
852,北京市,北京市,昌平区,[],新世界商城(2店),购物服务;商场;普通商场,60102,116.4624113,40.11246018
853,北京市,北京市,昌平区,[],八达岭奥特莱斯C2区,购物服务;商场;商场,60100,116.1647276,40.23433849
854,北京市,北京市,昌平区,西三旗太平庄北街与文博路交汇处南三旗百汇商品城,三旗百汇商品城二号厅,购物服务;商场;购物中心,60101,116.3361332,40.05978374
855,北京市,北京市,昌平区,太平庄北街与文博路交叉口东南50米,百汇购物中心,购物服务;商场;普通商场,60102,116.3367166,40.06199654
856,北京市,北京市,昌平区,估依市胡同与鼓楼南街交叉口东50米,佳莲时代广场A座,购物服务;商场;购物中心,60101,116.227805,40.22230809
857,北京市,北京市,昌平区,西三旗太平庄北街与文博路交汇处南三旗百汇商品城,三旗百汇商品城三号厅,购物服务;商场;普通商场,60102,116.335233,40.06096234
858,北京市,北京市,昌平区,回龙观,永旺超市,购物服务;商场;购物中心,60101,116.2831786,40.09640443
859,北京市,北京市,昌平区,黄平路19号院4号,泰华龙旗广场E座,商务住宅;楼宇;商务写字楼|购物服务;商场;购物中心,120201|060101,116.3399969,40.06606733
860,北京市,北京市,昌平区,南口镇陈庄村,八达岭奥特莱斯B区,购物服务;商场;购物中心,60101,116.164818,40.23265495
861,北京市,北京市,昌平区,太平庄中一街与立汤路交叉口南200米,BHG Mall北京华联天通苑购物中心(太平兴园店),购物服务;商场;商场,60100,116.4068855,40.06820715
862,北京市,北京市,昌平区,十三陵镇泰小路泰陵园公交站西50米,新世纪,购物服务;商场;商场,60100,116.209727,40.26949337
863,北京市,北京市,昌平区,温都水城旅游景区内,温都水城旅游景区水城广场,风景名胜;公园广场;城市广场|购物服务;商场;购物中心,110105|060101,116.3655876,40.10583829
864,北京市,北京市,昌平区,立汤路188号,奥特莱斯商厦,购物服务;商场;普通商场,60102,116.4090507,40.05623999
865,北京市,北京市,昌平区,南郝庄村昌平二中分校向南200米路口,家家福购物中心,购物服务;商场;购物中心|购物服务;超级市场;超市,060101|060400,116.2044622,40.20904361
866,北京市,北京市,大兴区,欣宁街15号,荟聚购物中心(西红门店),购物服务;商场;购物中心,60101,116.3209075,39.78618394
867,北京市,北京市,大兴区,文化园东路6号,亦庄创意生活广场,购物服务;商场;购物中心,60101,116.4982715,39.80966389
868,北京市,北京市,大兴区,黄村东大街火神庙商业中心F座,王府井百货(大兴店),购物服务;商场;购物中心,60101,116.3359673,39.72959725
869,北京市,北京市,大兴区,四昕路,鹏润发购物中心,购物服务;商场;购物中心,60101,116.3411614,39.54259926
870,北京市,北京市,大兴区,荣华南路2号(荣京东街地铁站),大族广场Mall&More,购物服务;商场;购物中心,60101,116.5070435,39.79166922
871,北京市,北京市,大兴区,黄村镇兴盛街与康庄路交接处,广丰购物,购物服务;商场;购物中心,60101,116.3111883,39.75606438
872,北京市,北京市,大兴区,金星西路3号绿地缤纷广场B1层,乐购(绿地缤纷城店),购物服务;超级市场;华润|购物服务;商场;普通商场,060403|060102,116.3286825,39.76354215
873,北京市,北京市,大兴区,永兴路7号院1号楼,龙湖北京大兴天街,购物服务;商场;购物中心,60101,116.3141674,39.68555792
874,北京市,北京市,大兴区,旧宫地铁站旁,北京住总万科广场,购物服务;商场;购物中心,60101,116.4532731,39.80436802
875,北京市,北京市,大兴区,兴华大街27号,百联清城购物中心,购物服务;商场;购物中心,60101,116.3254033,39.73740529
876,北京市,北京市,大兴区,兴丰大街59号帝园商城1层,动感96时尚运动城(黄村东大街),购物服务;商场;普通商场|购物服务;体育用品店;体育用品店,060102|060900,116.3344306,39.73068597
877,北京市,北京市,大兴区,南场路东侧(德贤路东侧50米),南城淘宝,购物服务;商场;商场|购物服务;综合市场;综合市场,060100|060700,116.4275085,39.80800026
878,北京市,北京市,大兴区,旧宫南小街中里一队南街,南街商厦,购物服务;商场;普通商场,60102,116.4043261,39.78475694
879,北京市,北京市,大兴区,西庄路8号附近,家家福购物中心,购物服务;商场;购物中心|购物服务;超级市场;超市,060101|060400,116.3465025,39.66117076
880,北京市,北京市,大兴区,天宝南街4号,上海沙龙新天地天宝商业中心,购物服务;商场;购物中心,60101,116.4928605,39.78955437
881,北京市,北京市,大兴区,高米店南地铁站内,地铁尚城,购物服务;商场;普通商场,60102,116.3265964,39.76242825
882,北京市,北京市,大兴区,狼垡二村长丰园,亿发购物中心,购物服务;商场;购物中心,60101,116.2855182,39.78221121
883,北京市,北京市,大兴区,黄村镇黄村东大街38号院,火神庙国际商业中心,购物服务;商场;购物中心,60101,116.3362697,39.72897277
884,北京市,北京市,大兴区,瀛海瀛海镇兴海园小区底商7号楼近,华联购物中心(三槐堂路),购物服务;商场;购物中心,60101,116.4454216,39.76503117
885,北京市,北京市,大兴区,黄村东大街62号,帝园商城(黄村东大街),购物服务;商场;普通商场,60102,116.3344665,39.73086088
886,北京市,北京市,大兴区,团桂路西侧,兴福德霍村购物中心(团桂路),购物服务;商场;商场,60100,116.3759206,39.70948772
887,北京市,北京市,大兴区,西红门欣旺北街8号,鸿坤广场(西红门),购物服务;商场;购物中心,60101,116.3341597,39.79021133
888,北京市,北京市,大兴区,永兴路7号,龙湖时代天街购物广场(大兴店),购物服务;商场;购物中心,60101,116.3149926,39.68503343
889,北京市,北京市,大兴区,黄村东大街1号,瑞程奥特莱斯,购物服务;商场;普通商场,60102,116.338786,39.73089594
890,北京市,北京市,大兴区,枣园路8号居然之家B1层,玫瑰城购物中心(枣园路),购物服务;商场;普通商场,60102,116.3292307,39.75173634
891,北京市,北京市,大兴区,瀛吉街与瀛坤路交叉口,首航生活广场,购物服务;商场;普通商场,60102,116.430376,39.7605876
892,北京市,北京市,大兴区,黄村镇兴华大街首邑上城40号楼,正光天和商业广场(兴华大街),购物服务;商场;普通商场,60102,116.3267689,39.75543265
893,北京市,北京市,大兴区,华佗路与新源大街交汇处西100米,凯德MALL(天宫院),购物服务;商场;购物中心,60101,116.3128931,39.67103069
894,北京市,北京市,大兴区,旧宫西路1附3号,旧宫商厦,购物服务;商场;普通商场,60102,116.4369866,39.80405249
895,北京市,北京市,大兴区,黄村兴丰大街185号,星城商厦,购物服务;商场;普通商场,60102,116.3329062,39.72919601
896,北京市,北京市,大兴区,康庄路10号1层,水晶港生活广场,购物服务;商场;购物中心,60101,116.331035,39.75623244
897,北京市,北京市,大兴区,狼垡二村,长丰园商业中心,购物服务;商场;购物中心,60101,116.2811991,39.77996433
899,北京市,北京市,大兴区,黄村镇广茂大街泰中花园4号楼,泰中天地购物中心,购物服务;商场;普通商场,60102,116.340697,39.76134708
900,北京市,北京市,大兴区,兴雅珠宝城(黄村西大街地铁站),吉星德亿生活广场,购物服务;商场;普通商场,60102,116.3256048,39.72980381
901,北京市,北京市,大兴区,西环南路36号,北京亦庄保税直购中心,购物服务;商场;购物中心,60101,116.5449367,39.76881737
902,北京市,北京市,大兴区,康庄东巷与枣园路交叉口西南100米,天键广场,购物服务;商场;普通商场,60102,116.3083571,39.75127717
903,北京市,北京市,大兴区,久敬庄路,世界之花假日广场,购物服务;商场;购物中心,60101,116.4155435,39.81733415
904,北京市,北京市,大兴区,国兴路与国盛街交叉口西南100米,华联生活超市(国兴路),购物服务;商场;购物中心,60101,116.4172275,39.70643309
905,北京市,北京市,大兴区,纪百户街18号院,北京明发广场,购物服务;商场;普通商场,60102,116.320448,39.68636677
906,北京市,北京市,大兴区,北京经济技术开发区亦庄经济技术开发区同济南路19号,惠买商城(同济南路),购物服务;商场;普通商场|公司企业;公司;公司,060102|170200,116.5397747,39.7678407
907,北京市,北京市,大兴区,西红门镇京良路10号,乐家family,购物服务;商场;购物中心,60101,116.3267037,39.79817079
908,北京市,北京市,大兴区,黄村镇金星西路3号,绿地缤纷城(金星西路),购物服务;商场;购物中心,60101,116.3280809,39.76293036
909,北京市,北京市,大兴区,亦庄凉水河二街,中房生活广场,购物服务;商场;普通商场,60102,116.503282,39.76324281
910,北京市,北京市,大兴区,天华园二里2区19号楼,大雄商业中心,购物服务;商场;普通商场,60102,116.4889888,39.7983401
911,北京市,北京市,大兴区,荣华中路8号院1号楼北京华联力宝购物中心地下1层01,北京华联购物中心,购物服务;商场;购物中心,60101,116.4959544,39.80477636
912,北京市,北京市,大兴区,东渠路小大人艺术幼儿园东侧100米,三羊生活广场,购物服务;商场;普通商场,60102,116.518298,39.82084692
913,北京市,北京市,大兴区,西红门镇京良路10号,乐家富国商业管理有限公司,购物服务;商场;商场,60100,116.327,39.79824322
914,北京市,北京市,大兴区,黄村镇拿渡麻辣香锅(大兴龙湖天街店)新源大街,大兴天街购物中心,购物服务;商场;购物中心,60101,116.3135148,39.68618606
915,北京市,北京市,大兴区,育林街与采源路交叉口南150米,综合商场,购物服务;商场;普通商场|购物服务;综合市场;综合市场,060102|060700,116.6335564,39.65917679
916,北京市,北京市,大兴区,中关村国家自主创新示范区大兴生物医药产业基地明发广场,明发广场商铺,购物服务;商场;商场,60100,116.3130642,39.69074321
917,北京市,北京市,大兴区,复兴路甲23号华懋商厦写字楼,城乡购物中心,购物服务;商场;购物中心,60101,116.5282171,39.80124655
918,北京市,北京市,大兴区,生物医药基地地铁站A西北口西150米,天街,购物服务;商场;普通商场,60102,116.3140946,39.68555206
919,北京市,北京市,大兴区,火神庙商业中心B-F座连廊,联想官方认证(火神庙商业中心专卖店),购物服务;商场;商场,60100,116.3377852,39.73019384
920,北京市,北京市,大兴区,南四环榴乡桥南800米德贤路与久敬庄交汇口路西南,礼记喜唐(装修中),购物服务;商场;购物中心,60101,116.4179265,39.81678936
921,北京市,北京市,大兴区,天宝南街4号上海沙龙商业中心内(近美廉美超市),上海沙龙2期,购物服务;商场;购物中心,60101,116.4936646,39.78911581
922,北京市,北京市,大兴区,狼垡东路长丰园商业中心,天天易购,购物服务;商场;商场,60100,116.2816904,39.78000968
923,北京市,北京市,大兴区,同和路与科创一街交叉口北150米,未来里社区商业中心,购物服务;商场;购物中心,60101,116.5151768,39.81550964
924,北京市,北京市,怀柔区,府前西街2号,新悦百货,购物服务;商场;普通商场,60102,116.6233936,40.31294212
925,北京市,北京市,怀柔区,府前街14号,京北大世界,购物服务;商场;商场,60100,116.6263377,40.31425803
926,北京市,北京市,怀柔区,商业街17号,动感休闲广场,购物服务;商场;普通商场,60102,116.6272698,40.31423979
927,北京市,北京市,怀柔区,商业街3号,盛隆商厦,购物服务;商场;普通商场,60102,116.630029,40.31392905
928,北京市,北京市,怀柔区,开放东路13号院2号楼1层01号,星东天地生活购物广场,购物服务;商场;购物中心,60101,116.646072,40.32293384
929,北京市,北京市,怀柔区,府前西街与青春路交汇处,怀柔青春万达广场,购物服务;商场;购物中心,60101,116.6239362,40.31557878
930,北京市,北京市,怀柔区,商业街17号,怀柔商业大厦,购物服务;商场;普通商场,60102,116.6274764,40.3138906
931,北京市,北京市,怀柔区,商业街30号,北京承乾坤五交化商场,购物服务;商场;普通商场,60102,116.6282269,40.31357766
932,北京市,北京市,怀柔区,南马道8号,富商,购物服务;商场;普通商场,60102,116.6280074,40.31317606
933,北京市,北京市,怀柔区,商业街与青春路交叉口东南100米,凤翔商厦,购物服务;商场;普通商场,60102,116.6254506,40.31322546
934,北京市,北京市,怀柔区,商业街4号附近,万佳商城,购物服务;商场;普通商场,60102,116.6288315,40.31387675
935,北京市,北京市,平谷区,迎宾环岛西南角,枫尚奥特莱斯购物广场,购物服务;商场;普通商场,60102,117.0882204,40.14342793
936,北京市,北京市,平谷区,迎宾街1号院22号楼,北京华联购物中心,购物服务;商场;购物中心|购物服务;商场;普通商场,060101|060102,117.0876556,40.14520385
937,北京市,北京市,平谷区,文化北街13号,国泰百货(平谷店),购物服务;商场;普通商场,60102,117.1046066,40.13926749
938,北京市,北京市,平谷区,平翔路9号1栋,鑫海韵通大卖场-平谷店,购物服务;商场;普通商场,60102,117.1171313,40.15286174
939,北京市,北京市,平谷区,新平北路43号,世纪隆购物中心,购物服务;商场;普通商场,60102,117.1090728,40.14580359
940,北京市,北京市,平谷区,文化北街7号,和美购物广场(平谷店),购物服务;商场;普通商场,60102,117.1035221,40.14190267
941,北京市,北京市,平谷区,向阳北街4-1-7号,紫翔商城,购物服务;商场;普通商场,60102,117.1127509,40.14259278
942,北京市,北京市,平谷区,新平东路13号大时代,大时代兄弟广场,购物服务;商场;普通商场,60102,117.1163947,40.13869849
943,北京市,北京市,平谷区,北斜街与新平东路交叉口东北50米,家家福购物中心,购物服务;商场;购物中心|购物服务;超级市场;超市,060101|060400,117.1174701,40.14115331
944,北京市,北京市,平谷区,夏各庄,银河购物中心,购物服务;商场;购物中心,60101,117.1698341,40.12628067
945,北京市,北京市,平谷区,渔阳泃河西路6号,滨河中心商业区,购物服务;商场;普通商场,60102,117.0823932,40.13440455
946,北京市,北京市,平谷区,山东庄镇桥头营东路29号,华联购物中心,购物服务;商场;购物中心,60101,117.1461224,40.16114566
947,北京市,北京市,密云区,鼓楼南大街3号,燕赛奥特莱斯购物中心,购物服务;商场;购物中心,60101,116.8392007,40.37321674
948,北京市,北京市,密云区,永安街115号,军莲鑫商城,购物服务;商场;普通商场,60102,117.1235193,40.53523684
949,北京市,北京市,密云区,太师屯镇永安街128号,孟庆海百货商城,购物服务;商场;普通商场,60102,117.1228657,40.53538498
950,北京市,北京市,密云区,鼓楼南大街16号,国泰百货(密云店),购物服务;商场;普通商场,60102,116.8401023,40.37259552
951,北京市,北京市,密云区,S203(滨河路),密云万象汇,购物服务;商场;商场,60100,116.8294092,40.35439789
952,北京市,北京市,密云区,鼓楼东大街22号,鑫海韵通百货(密云店),购物服务;商场;普通商场,60102,116.8423158,40.37446874
953,北京市,北京市,密云区,康复路与鼓楼北大街交叉口东南150米,华谊生活广场,购物服务;商场;普通商场,60102,116.8405155,40.376419
954,北京市,北京市,密云区,鼓楼南大街10号,瑞嘉商场,购物服务;商场;普通商场,60102,116.8403506,40.37371659
955,北京市,北京市,密云区,西鱼市口胡同与鼓楼南大街交叉口西北50米,赛特奥莱购物中心(密云店),购物服务;商场;购物中心,60101,116.8393399,40.37324298
956,北京市,北京市,密云区,农机路1号院附近,瑞海姆商业中心,购物服务;商场;普通商场,60102,116.8256395,40.36677308
957,北京市,北京市,延庆区,京银路东50米,强盛综合商店,购物服务;商场;普通商场,60102,115.9810658,40.49334946
958,北京市,北京市,延庆区,东顺城街16号(近工商银行),延庆人民商场,购物服务;商场;普通商场,60102,115.9689202,40.45771663
959,北京市,北京市,延庆区,妫水北街39号,环球新意百货,购物服务;商场;购物中心,60101,115.9698608,40.46040484
960,北京市,北京市,延庆区,高塔街27号,双信大型百货商城(恒生店),购物服务;商场;普通商场,60102,115.9833128,40.46522445
961,北京市,北京市,延庆区,龙庆南路18号,日上商厦,购物服务;商场;普通商场,60102,115.9967509,40.45955803
962,北京市,北京市,延庆区,香水园街道东外大街100号,惠美商厦,购物服务;商场;普通商场,60102,115.97361,40.45928963
963,北京市,北京市,延庆区,东外大街113号,双信商城(东关店),购物服务;商场;普通商场,60102,115.9697116,40.45841411
964,北京市,北京市,延庆区,东外大街111号,中踏广场,购物服务;商场;普通商场,60102,115.9701093,40.45884181
965,北京市,北京市,延庆区,妫水北街胜芳园商业房1号,百佳商厦,购物服务;商场;普通商场,60102,115.9709371,40.46293571
966,北京市,北京市,延庆区,延庆镇东外大街26号,妫川购物中心,购物服务;商场;普通商场,60102,115.975376,40.46057997
967,北京市,北京市,延庆区,拱辰街29号临3,淼盛商贸中心,购物服务;商场;普通商场,60102,116.1589095,40.5260502
968,北京市,北京市,延庆区,妫水北街39号,金锣湾商业中心C座,购物服务;商场;购物中心,60101,115.9691771,40.45963309
969,北京市,北京市,延庆区,拱辰街与昌赤路交叉口东北100米,延庆区易金经贸商行,购物服务;商场;普通商场,60102,116.1592572,40.52800284
